child_table_schema;child_table_name;CHILD_TABLE_FULL_NAME;FOREIGN_COLUMNS;reference_table_schema;reference_table_name;REFERENCE_TABLE_FULL_NAME;REFERENCE_COLUMNS;UNIQUE_CONSTRAINT_TYPE_REF
core;Country;core.Country;ContinentId;core;Continent;core.Continent;Id;PRIMARY KEY
core;Country;core.Country;DefaultDivisionId;core;Division;core.Division;Id;PRIMARY KEY
core;Country;core.Country;QuantitativeReportingUnitTypeId;mtc;QuantitativeUnitType;mtc.QuantitativeUnitType;Id;PRIMARY KEY
core;CountryLocale;core.CountryLocale;CountryId;core;Country;core.Country;Id;PRIMARY KEY
core;CountryLocale;core.CountryLocale;LocaleId;core;Locale;core.Locale;Id;PRIMARY KEY
core;CountryLeafletLanguage;core.CountryLeafletLanguage;CountryId;core;Country;core.Country;Id;PRIMARY KEY
core;CountryLeafletLanguage;core.CountryLeafletLanguage;LanguageId;core;Language;core.Language;Id;PRIMARY KEY
core;DivisionLocale;core.DivisionLocale;DivisionId;core;Division;core.Division;Id;PRIMARY KEY
core;DivisionLocale;core.DivisionLocale;LocaleId;core;Locale;core.Locale;Id;PRIMARY KEY
core;DivisionMailAddress;core.DivisionMailAddress;DivisionId;core;Division;core.Division;Id;PRIMARY KEY
core;DivisionMailAddress;core.DivisionMailAddress;MailAddressTypeId;core;MailAddressType;core.MailAddressType;Id;PRIMARY KEY
core;HelpTopic;core.HelpTopic;ApplicationId;security;Application;security.Application;Id;PRIMARY KEY
CR;StudySamplesSpecimensFact;CR.StudySamplesSpecimensFact;StudyClinicalReportKey;CR;StudyClinicalReportFact;CR.StudyClinicalReportFact;SurrogateKey;PRIMARY KEY
CR;StudyTestFact;CR.StudyTestFact;StudyClinicalReportKey;CR;StudyClinicalReportFact;CR.StudyClinicalReportFact;SurrogateKey;PRIMARY KEY
mirth;AllowedComment;mirth.AllowedComment;LaboratoryId;mtc;Laboratory;mtc.Laboratory;Id;PRIMARY KEY
mirth;MineResult;mirth.MineResult;LaboratoryId;mtc;Laboratory;mtc.Laboratory;Id;PRIMARY KEY
mirth;ObsoleteComment;mirth.ObsoleteComment;LaboratoryId;mtc;Laboratory;mtc.Laboratory;Id;PRIMARY KEY
mirth;ObsoleteTest;mirth.ObsoleteTest;LaboratoryId;mtc;Laboratory;mtc.Laboratory;Id;PRIMARY KEY
mirth;OverruleTest;mirth.OverruleTest;LaboratoryId;mtc;Laboratory;mtc.Laboratory;Id;PRIMARY KEY
mtc;BarcTest;mtc.BarcTest;InstrumentId;mtc;Instrument;mtc.Instrument;Id;PRIMARY KEY
mtc;BarcTest;mtc.BarcTest;LabMethodId;mtc;LabMethod;mtc.LabMethod;Id;PRIMARY KEY
mtc;BarcTest;mtc.BarcTest;DefaultLocalStorageTemperatureId;mtc;Temperature;mtc.Temperature;Id;PRIMARY KEY
mtc;BarcTest;mtc.BarcTest;PreferredMatrixId;mtc;Matrix;mtc.Matrix;Id;PRIMARY KEY
mtc;BarcTest;mtc.BarcTest;PreAnalyticalHandlingId;mtc;PreAnalyticalHandlingType;mtc.PreAnalyticalHandlingType;Id;PRIMARY KEY
mtc;BarcTest;mtc.BarcTest;PreferredShippingMethodId;mtc;SampleShippingMethod;mtc.SampleShippingMethod;Id;PRIMARY KEY
mtc;BarcTest;mtc.BarcTest;DefaultShippingBatchFrequencyId;sts;ShippingBatchFrequency;sts.ShippingBatchFrequency;Id;PRIMARY KEY
mtc;BarcTest;mtc.BarcTest;TestSpecimenId;mtc;TestSpecimen;mtc.TestSpecimen;Id;PRIMARY KEY
mtc;BarcTestMatrix;mtc.BarcTestMatrix;BarcTestId;mtc;BarcTest;mtc.BarcTest;Id;PRIMARY KEY
mtc;BarcTestMatrix;mtc.BarcTestMatrix;MatrixId;mtc;Matrix;mtc.Matrix;Id;PRIMARY KEY
mtc;BarcTestShippingMethod;mtc.BarcTestShippingMethod;BarcTestId;mtc;BarcTest;mtc.BarcTest;Id;PRIMARY KEY
mtc;BarcTestShippingMethod;mtc.BarcTestShippingMethod;SampleShippingMethodId;mtc;SampleShippingMethod;mtc.SampleShippingMethod;Id;PRIMARY KEY
mtc;BarcTestStability;mtc.BarcTestStability;BarcTestId;mtc;BarcTest;mtc.BarcTest;Id;PRIMARY KEY
mtc;BarcTestStability;mtc.BarcTestStability;TemperatureId;mtc;Temperature;mtc.Temperature;Id;PRIMARY KEY
mtc;ComposedTestDetail;mtc.ComposedTestDetail;ComposedTestSpecimenId;mtc;TestSpecimen;mtc.TestSpecimen;Id;PRIMARY KEY
mtc;ComposedTestDetail;mtc.ComposedTestDetail;TestSpecimenId;mtc;TestSpecimen;mtc.TestSpecimen;Id;PRIMARY KEY
mtc;DivisionLab;mtc.DivisionLab;DivisionId;core;Division;core.Division;Id;PRIMARY KEY
mtc;DivisionLab;mtc.DivisionLab;LaboratoryId;mtc;Laboratory;mtc.Laboratory;Id;PRIMARY KEY
mtc;DivisionLab;mtc.DivisionLab;SendToDivisionId;core;Division;core.Division;Id;PRIMARY KEY
mtc;ExternalTestCode;mtc.ExternalTestCode;BarcTestId;mtc;BarcTest;mtc.BarcTest;Id;PRIMARY KEY
mtc;ExternalTestCode;mtc.ExternalTestCode;ExternalCodingSystemId;mtc;ExternalCodingSystem;mtc.ExternalCodingSystem;Id;PRIMARY KEY
mtc;ExternalTestCode;mtc.ExternalTestCode;TestId;mtc;Test;mtc.Test;Id;PRIMARY KEY
mtc;ExternalTestCode;mtc.ExternalTestCode;TestSpecimenId;mtc;TestSpecimen;mtc.TestSpecimen;Id;PRIMARY KEY
mtc;Formula;mtc.Formula;TestSpecimenId;mtc;TestSpecimen;mtc.TestSpecimen;Id;PRIMARY KEY
mtc;FormulaDetail;mtc.FormulaDetail;FormulaId;mtc;Formula;mtc.Formula;Id;PRIMARY KEY
mtc;FormulaUsesSSDE;mtc.FormulaUsesSSDE;FormulaId;mtc;Formula;mtc.Formula;Id;PRIMARY KEY
mtc;FormulaUsesSSDE;mtc.FormulaUsesSSDE;SSDEId;mtc;SSDE;mtc.SSDE;Id;PRIMARY KEY
mtc;FormulaUsesSSDEValue;mtc.FormulaUsesSSDEValue;FormulaId;mtc;Formula;mtc.Formula;Id;PRIMARY KEY
mtc;FormulaUsesSSDEValue;mtc.FormulaUsesSSDEValue;SSDEValueId;mtc;SSDEValue;mtc.SSDEValue;Id;PRIMARY KEY
mtc;FormulaUsesTestSpecimen;mtc.FormulaUsesTestSpecimen;FormulaId;mtc;Formula;mtc.Formula;Id;PRIMARY KEY
mtc;FormulaUsesTestSpecimen;mtc.FormulaUsesTestSpecimen;TestSpecimenId;mtc;TestSpecimen;mtc.TestSpecimen;Id;PRIMARY KEY
mtc;FormulaUsesTestSpecimen;mtc.FormulaUsesTestSpecimen;UnitId;mtc;Unit;mtc.Unit;Id;PRIMARY KEY
mtc;FormulaUsesUnitValue;mtc.FormulaUsesUnitValue;FormulaId;mtc;Formula;mtc.Formula;Id;PRIMARY KEY
mtc;FormulaUsesUnitValue;mtc.FormulaUsesUnitValue;UnitValueId;mtc;UnitValue;mtc.UnitValue;Id;PRIMARY KEY
mtc;IndicationGroupIndication;mtc.IndicationGroupIndication;IndicationId;mtc;Indication;mtc.Indication;Id;PRIMARY KEY
mtc;IndicationGroupIndication;mtc.IndicationGroupIndication;IndicationGroupId;mtc;IndicationGroup;mtc.IndicationGroup;Id;PRIMARY KEY
mtc;InstrumentChain;mtc.InstrumentChain;LaboratoryId;mtc;Laboratory;mtc.Laboratory;Id;PRIMARY KEY
mtc;InstrumentChainDetail;mtc.InstrumentChainDetail;InstrumentChainId;mtc;InstrumentChain;mtc.InstrumentChain;Id;PRIMARY KEY
mtc;InstrumentChainDetail;mtc.InstrumentChainDetail;LabInstrumentId;mtc;LabInstrument;mtc.LabInstrument;Id;PRIMARY KEY
mtc;MasterItem;mtc.MasterItem;ContainerUsageTypeId;mtc;ContainerUsage;mtc.ContainerUsage;Id;PRIMARY KEY
mtc;MasterItem;mtc.MasterItem;NewBornsAdultsTypeId;mtc;NewBornsAdultsType;mtc.NewBornsAdultsType;Id;PRIMARY KEY
mtc;MasterItem;mtc.MasterItem;WareHouseId;mtc;Warehouse;mtc.Warehouse;Id;PRIMARY KEY
mtc;LabInstrument;mtc.LabInstrument;InstrumentId;mtc;Instrument;mtc.Instrument;Id;PRIMARY KEY
mtc;LabInstrument;mtc.LabInstrument;LaboratoryId;mtc;Laboratory;mtc.Laboratory;Id;PRIMARY KEY
mtc;LabMethodLocale;mtc.LabMethodLocale;LabMethodId;mtc;LabMethod;mtc.LabMethod;Id;PRIMARY KEY
mtc;LabMethodLocale;mtc.LabMethodLocale;LocaleId;core;Locale;core.Locale;Id;PRIMARY KEY
mtc;Laboratory;mtc.Laboratory;LabTestOrderMethodId;mtc;LabTestOrderMethod;mtc.LabTestOrderMethod;Id;PRIMARY KEY
mtc;Laboratory;mtc.Laboratory;LabTypeId;mtc;LaboratoryType;mtc.LaboratoryType;Id;PRIMARY KEY
mtc;Laboratory;mtc.Laboratory;ExternalCodingSystemId;mtc;ExternalCodingSystem;mtc.ExternalCodingSystem;Id;PRIMARY KEY
mtc;LabTest;mtc.LabTest;BarcTestId;mtc;BarcTest;mtc.BarcTest;Id;PRIMARY KEY
mtc;LabTest;mtc.LabTest;BatchFrequencyId;mtc;BatchFrequency;mtc.BatchFrequency;Id;PRIMARY KEY
mtc;LabTest;mtc.LabTest;LaboratoryId;mtc;Laboratory;mtc.Laboratory;Id;PRIMARY KEY
mtc;LabTest;mtc.LabTest;TestSpecimenUnitId;mtc;TestSpecimenUnit;mtc.TestSpecimenUnit;Id;PRIMARY KEY
mtc;LabTestSuccessor;mtc.LabTestSuccessor;SucceededLabTestId;mtc;LabTest;mtc.LabTest;Id;PRIMARY KEY
mtc;LabTestSuccessor;mtc.LabTestSuccessor;SuccessorLabTestId;mtc;LabTest;mtc.LabTest;Id;PRIMARY KEY
mtc;MasterItem;mtc.MasterItem;LabelSizeTypeId;mtc;LabelSizeType;mtc.LabelSizeType;Id;PRIMARY KEY
mtc;MasterItem;mtc.MasterItem;MasterItemColorId;mtc;MasterItemColor;mtc.MasterItemColor;Id;PRIMARY KEY
mtc;Matrix;mtc.Matrix;CollectionMatrixId;mtc;Matrix;mtc.Matrix;Id;PRIMARY KEY
mtc;Matrix;mtc.Matrix;SpecimenId;mtc;Specimen;mtc.Specimen;Id;PRIMARY KEY
mtc;Matrix;mtc.Matrix;TemperatureId;mtc;Temperature;mtc.Temperature;Id;PRIMARY KEY
mtc;MatrixContainer;mtc.MatrixContainer;ItemId;mtc;MasterItem;mtc.MasterItem;Id;PRIMARY KEY
mtc;MatrixContainer;mtc.MatrixContainer;MatrixId;mtc;Matrix;mtc.Matrix;Id;PRIMARY KEY
mtc;MatrixLocale;mtc.MatrixLocale;LocaleId;core;Locale;core.Locale;Id;PRIMARY KEY
mtc;MatrixLocale;mtc.MatrixLocale;MatrixId;mtc;Matrix;mtc.Matrix;Id;PRIMARY KEY
mtc;MatrixMstContainer;mtc.MatrixMstContainer;MasterItemId;mtc;MasterItem;mtc.MasterItem;Id;PRIMARY KEY
mtc;MatrixMstContainer;mtc.MatrixMstContainer;MatrixId;mtc;Matrix;mtc.Matrix;Id;PRIMARY KEY
mtc;QuantitativeUnitTypeLocale;mtc.QuantitativeUnitTypeLocale;LocaleId;core;Locale;core.Locale;Id;PRIMARY KEY
mtc;QuantitativeUnitTypeLocale;mtc.QuantitativeUnitTypeLocale;QuantitativeUnitTypeId;mtc;QuantitativeUnitType;mtc.QuantitativeUnitType;Id;PRIMARY KEY
mtc;ReferenceValue;mtc.ReferenceValue;TestReferenceValueSystemId;mtc;TestReferenceValueSystem;mtc.TestReferenceValueSystem;Id;PRIMARY KEY
mtc;ReferenceValueNormalResult;mtc.ReferenceValueNormalResult;ReferenceValueId;mtc;ReferenceValue;mtc.ReferenceValue;Id;PRIMARY KEY
mtc;ReferenceValueNormalResult;mtc.ReferenceValueNormalResult;UnitValueId;mtc;UnitValue;mtc.UnitValue;Id;PRIMARY KEY
mtc;ReferenceValuePopulationDefinition;mtc.ReferenceValuePopulationDefinition;ReferenceValueId;mtc;ReferenceValue;mtc.ReferenceValue;Id;PRIMARY KEY
mtc;ReferenceValuePopulationDefinition;mtc.ReferenceValuePopulationDefinition;SSDEValueId;mtc;SSDEValue;mtc.SSDEValue;Id;PRIMARY KEY
mtc;ReferenceValuePopulationDefinition;mtc.ReferenceValuePopulationDefinition;TestReferenceValueSystemSSDEId;mtc;TestReferenceValueSystemSSDE;mtc.TestReferenceValueSystemSSDE;Id;PRIMARY KEY
mtc;ReferenceValueSystemLocale;mtc.ReferenceValueSystemLocale;ReferenceValueSystemId;mtc;ReferenceValueSystem;mtc.ReferenceValueSystem;Id;PRIMARY KEY
mtc;ReferenceValueSystemLocale;mtc.ReferenceValueSystemLocale;LocaleId;core;Locale;core.Locale;Id;PRIMARY KEY
mtc;SampleShippingMethod;mtc.SampleShippingMethod;TemperatureId;mtc;Temperature;mtc.Temperature;Id;PRIMARY KEY
mtc;SampleShippingMethodLocale;mtc.SampleShippingMethodLocale;LocaleId;core;Locale;core.Locale;Id;PRIMARY KEY
mtc;SampleShippingMethodLocale;mtc.SampleShippingMethodLocale;SampleShippingMethodId;mtc;SampleShippingMethod;mtc.SampleShippingMethod;Id;PRIMARY KEY
mtc;SpecimenLocale;mtc.SpecimenLocale;LocaleId;core;Locale;core.Locale;Id;PRIMARY KEY
mtc;SpecimenLocale;mtc.SpecimenLocale;SpecimenId;mtc;Specimen;mtc.Specimen;Id;PRIMARY KEY
mtc;SSDE;mtc.SSDE;DefaultCollectionTypeId;mtc;SSDECollectionType;mtc.SSDECollectionType;Id;PRIMARY KEY
mtc;SSDE;mtc.SSDE;DataSourceId;mtc;SSDEDataSource;mtc.SSDEDataSource;Id;PRIMARY KEY
mtc;SSDE;mtc.SSDE;SSDEDataTypeId;mtc;SSDEDataType;mtc.SSDEDataType;Id;PRIMARY KEY
mtc;SSDE;mtc.SSDE;DefaultStorageLevelId;mtc;SSDEStorageLevel;mtc.SSDEStorageLevel;Id;PRIMARY KEY
mtc;SSDELocale;mtc.SSDELocale;LocaleId;core;Locale;core.Locale;Id;PRIMARY KEY
mtc;SSDELocale;mtc.SSDELocale;SSDEId;mtc;SSDE;mtc.SSDE;Id;PRIMARY KEY
mtc;SSDEValue;mtc.SSDEValue;SSDEId;mtc;SSDE;mtc.SSDE;Id;PRIMARY KEY
mtc;SSDEValueLocale;mtc.SSDEValueLocale;LocaleId;core;Locale;core.Locale;Id;PRIMARY KEY
mtc;SSDEValueLocale;mtc.SSDEValueLocale;SSDEValueId;mtc;SSDEValue;mtc.SSDEValue;Id;PRIMARY KEY
mtc;TestCategoryLocale;mtc.TestCategoryLocale;LocaleId;core;Locale;core.Locale;Id;PRIMARY KEY
mtc;TestCategoryLocale;mtc.TestCategoryLocale;TestCategoryId;mtc;TestCategory;mtc.TestCategory;Id;PRIMARY KEY
mtc;TestGroupDetail;mtc.TestGroupDetail;TestGroupId;mtc;TestGroup;mtc.TestGroup;Id;PRIMARY KEY
mtc;TestGroupDetail;mtc.TestGroupDetail;TestSpecimenId;mtc;TestSpecimen;mtc.TestSpecimen;Id;PRIMARY KEY
mtc;TestGroupLocale;mtc.TestGroupLocale;LocaleId;core;Locale;core.Locale;Id;PRIMARY KEY
mtc;TestGroupLocale;mtc.TestGroupLocale;TestGroupId;mtc;TestGroup;mtc.TestGroup;Id;PRIMARY KEY
mtc;TestIndication;mtc.TestIndication;IndicationId;mtc;Indication;mtc.Indication;Id;PRIMARY KEY
mtc;TestIndication;mtc.TestIndication;TestId;mtc;Test;mtc.Test;Id;PRIMARY KEY
mtc;TestLocale;mtc.TestLocale;LocaleId;core;Locale;core.Locale;Id;PRIMARY KEY
mtc;TestLocale;mtc.TestLocale;TestId;mtc;Test;mtc.Test;Id;PRIMARY KEY
mtc;TestReferenceValueSystem;mtc.TestReferenceValueSystem;GradeId;mtc;Grade;mtc.Grade;Id;PRIMARY KEY
mtc;TestReferenceValueSystem;mtc.TestReferenceValueSystem;ReferenceValueSystemId;mtc;ReferenceValueSystem;mtc.ReferenceValueSystem;Id;PRIMARY KEY
mtc;TestReferenceValueSystem;mtc.TestReferenceValueSystem;TestSpecimenUnitId;mtc;TestSpecimenUnit;mtc.TestSpecimenUnit;Id;PRIMARY KEY
mtc;TestReferenceValueSystemSSDE;mtc.TestReferenceValueSystemSSDE;TestReferenceValueSystemId;mtc;TestReferenceValueSystem;mtc.TestReferenceValueSystem;Id;PRIMARY KEY
mtc;TestReferenceValueSystemSSDE;mtc.TestReferenceValueSystemSSDE;SSDEId;mtc;SSDE;mtc.SSDE;Id;PRIMARY KEY
mtc;TestSpecimen;mtc.TestSpecimen;BlindingTypeId;mtc;BlindingType;mtc.BlindingType;Id;PRIMARY KEY
mtc;TestSpecimen;mtc.TestSpecimen;LastFormulaId;mtc;Formula;mtc.Formula;Id;PRIMARY KEY
mtc;TestSpecimen;mtc.TestSpecimen;SpecimenId;mtc;Specimen;mtc.Specimen;Id;PRIMARY KEY
mtc;TestSpecimen;mtc.TestSpecimen;TestId;mtc;Test;mtc.Test;Id;PRIMARY KEY
mtc;TestSpecimen;mtc.TestSpecimen;TestTypeId;mtc;TestType;mtc.TestType;Id;PRIMARY KEY
mtc;TestSpecimen;mtc.TestSpecimen;BaseUnitId;mtc;Unit;mtc.Unit;Id;PRIMARY KEY
mtc;TestSpecimenTestCategory;mtc.TestSpecimenTestCategory;TestCategoryId;mtc;TestCategory;mtc.TestCategory;Id;PRIMARY KEY
mtc;TestSpecimenTestCategory;mtc.TestSpecimenTestCategory;TestSpecimenId;mtc;TestSpecimen;mtc.TestSpecimen;Id;PRIMARY KEY
mtc;TestSpecimenUnit;mtc.TestSpecimenUnit;QuantitativeUnitTypeId;mtc;QuantitativeUnitType;mtc.QuantitativeUnitType;Id;PRIMARY KEY
mtc;TestSpecimenUnit;mtc.TestSpecimenUnit;TestSpecimenId;mtc;TestSpecimen;mtc.TestSpecimen;Id;PRIMARY KEY
mtc;TestSpecimenUnit;mtc.TestSpecimenUnit;UnitId;mtc;Unit;mtc.Unit;Id;PRIMARY KEY
mtc;TestSynonym;mtc.TestSynonym;LocaleId;core;Locale;core.Locale;Id;PRIMARY KEY
mtc;TestSynonym;mtc.TestSynonym;TestId;mtc;Test;mtc.Test;Id;PRIMARY KEY
mtc;Unit;mtc.Unit;QuantitativeUnitTypeId;mtc;QuantitativeUnitType;mtc.QuantitativeUnitType;Id;PRIMARY KEY
mtc;Unit;mtc.Unit;UnitTypeId;mtc;UnitType;mtc.UnitType;Id;PRIMARY KEY
mtc;UnitConversion;mtc.UnitConversion;SourceUnitId;mtc;Unit;mtc.Unit;Id;PRIMARY KEY
mtc;UnitConversion;mtc.UnitConversion;TargetUnitId;mtc;Unit;mtc.Unit;Id;PRIMARY KEY
mtc;UnitConversion;mtc.UnitConversion;TestSpecimenId;mtc;TestSpecimen;mtc.TestSpecimen;Id;PRIMARY KEY
mtc;UnitConversionDetail;mtc.UnitConversionDetail;SourceUnitValueId;mtc;UnitValue;mtc.UnitValue;Id;PRIMARY KEY
mtc;UnitConversionDetail;mtc.UnitConversionDetail;TargetUnitValueId;mtc;UnitValue;mtc.UnitValue;Id;PRIMARY KEY
mtc;UnitConversionDetail;mtc.UnitConversionDetail;UnitConversionId;mtc;UnitConversion;mtc.UnitConversion;Id;PRIMARY KEY
mtc;UnitLocale;mtc.UnitLocale;LocaleId;core;Locale;core.Locale;Id;PRIMARY KEY
mtc;UnitLocale;mtc.UnitLocale;UnitId;mtc;Unit;mtc.Unit;Id;PRIMARY KEY
mtc;UnitTypeLocale;mtc.UnitTypeLocale;LocaleId;core;Locale;core.Locale;Id;PRIMARY KEY
mtc;UnitTypeLocale;mtc.UnitTypeLocale;UnitTypeId;mtc;UnitType;mtc.UnitType;Id;PRIMARY KEY
mtc;UnitValue;mtc.UnitValue;UnitId;mtc;Unit;mtc.Unit;Id;PRIMARY KEY
mtc;UnitValueLocale;mtc.UnitValueLocale;LocaleId;core;Locale;core.Locale;Id;PRIMARY KEY
mtc;UnitValueLocale;mtc.UnitValueLocale;UnitValueId;mtc;UnitValue;mtc.UnitValue;Id;PRIMARY KEY
mtc;Warehouse;mtc.Warehouse;DivisionId;core;Division;core.Division;Id;PRIMARY KEY
nin;Email;nin.Email;AttachmentId;nin;Attachment;nin.Attachment;Id;PRIMARY KEY
security;ClientPrinter;security.ClientPrinter;ClientPrinterTypeId;security;ClientPrinterType;security.ClientPrinterType;Id;PRIMARY KEY
security;ApplicationAction;security.ApplicationAction;ApplicationId;security;Application;security.Application;Id;PRIMARY KEY
security;ApplicationRole;security.ApplicationRole;ApplicationId;security;Application;security.Application;Id;PRIMARY KEY
security;ApplicationRoleAction;security.ApplicationRoleAction;ApplicationActionId;security;ApplicationAction;security.ApplicationAction;Id;PRIMARY KEY
security;ApplicationRoleAction;security.ApplicationRoleAction;ApplicationRoleId;security;ApplicationRole;security.ApplicationRole;Id;PRIMARY KEY
security;ApplicationRoleGroup;security.ApplicationRoleGroup;ApplicationRoleId;security;ApplicationRole;security.ApplicationRole;Id;PRIMARY KEY
security;ApplicationRoleGroup;security.ApplicationRoleGroup;GroupId;security;Group;security.Group;Id;PRIMARY KEY
sst;Box;sst.Box;BoxStatusTypeId;sst;BoxStatusType;sst.BoxStatusType;Id;PRIMARY KEY
sst;Box;sst.Box;BoxTypeId;sst;BoxType;sst.BoxType;Id;PRIMARY KEY
sst;Box;sst.Box;ShippingMethodId;mtc;SampleShippingMethod;mtc.SampleShippingMethod;Id;PRIMARY KEY
sst;Box;sst.Box;TrialId;sts;Study;sts.Study;Id;PRIMARY KEY
sst;Box;sst.Box;TemperatureId;mtc;Temperature;mtc.Temperature;Id;PRIMARY KEY
sst;BoxPosition;sst.BoxPosition;BoxId;sst;Box;sst.Box;Id;PRIMARY KEY
sst;BoxPosition;sst.BoxPosition;DivisionId;core;Division;core.Division;Id;PRIMARY KEY
sst;BoxPosition;sst.BoxPosition;StorageUnitId;sst;StorageUnit;sst.StorageUnit;Id;PRIMARY KEY
sst;BoxType;sst.BoxType;RackTypeId;sst;RackType;sst.RackType;Id;PRIMARY KEY
sst;MasterItemBoxType;sst.MasterItemBoxType;BoxTypeId;sst;BoxType;sst.BoxType;Id;PRIMARY KEY
sst;MasterItemBoxType;sst.MasterItemBoxType;MasterItemId;mtc;MasterItem;mtc.MasterItem;Id;PRIMARY KEY
sst;SamplePosition;sst.SamplePosition;BoxId;sst;Box;sst.Box;Id;PRIMARY KEY
sst;SamplePosition;sst.SamplePosition;SubjectSampleId;ste;SubjectSample;ste.SubjectSample;Id;PRIMARY KEY
sst;ShippingPreparationList;sst.ShippingPreparationList;DivisionId;core;Division;core.Division;Id;PRIMARY KEY
sst;StorageArea;sst.StorageArea;DivisionId;core;Division;core.Division;Id;PRIMARY KEY
sst;StorageType;sst.StorageType;TemperatureId;mtc;Temperature;mtc.Temperature;Id;PRIMARY KEY
sst;StorageUnit;sst.StorageUnit;StorageAreaId;sst;StorageArea;sst.StorageArea;Id;PRIMARY KEY
sst;StorageUnit;sst.StorageUnit;StorageTypeId;sst;StorageType;sst.StorageType;Id;PRIMARY KEY
sst;StorageUnit;sst.StorageUnit;StorageUnitStatusTypeId;sst;StorageUnitStatusType;sst.StorageUnitStatusType;Id;PRIMARY KEY
sst;SubjectSampleShippingPreparationList;sst.SubjectSampleShippingPreparationList;ShippingPreparationListId;sst;ShippingPreparationList;sst.ShippingPreparationList;Id;PRIMARY KEY
sst;SubjectSampleShippingPreparationList;sst.SubjectSampleShippingPreparationList;SubjectSampleId;ste;SubjectSample;ste.SubjectSample;Id;PRIMARY KEY
sst;TempBoxPosition;sst.TempBoxPosition;BoxId;sst;Box;sst.Box;Id;PRIMARY KEY
sst;TempBoxPosition;sst.TempBoxPosition;DivisionId;core;Division;core.Division;Id;PRIMARY KEY
sst;TempBoxPosition;sst.TempBoxPosition;StorageUnitId;sst;StorageUnit;sst.StorageUnit;Id;PRIMARY KEY
ste;SubjectClinicalReportApprovalIssue;ste.SubjectClinicalReportApprovalIssue;ApprovalIssueId;ste;ApprovalIssue;ste.ApprovalIssue;Id;PRIMARY KEY
ste;SubjectClinicalReportApprovalIssue;ste.SubjectClinicalReportApprovalIssue;SubjectClinicalReportId;ste;SubjectClinicalReport;ste.SubjectClinicalReport;Id;PRIMARY KEY
ste;ClinicalReportSchedule;ste.ClinicalReportSchedule;DivisionId;core;Division;core.Division;Id;PRIMARY KEY
ste;ClinicalReportScheduleHoliday;ste.ClinicalReportScheduleHoliday;ClinicalReportScheduleId;ste;ClinicalReportSchedule;ste.ClinicalReportSchedule;Id;PRIMARY KEY
ste;Dcf;ste.Dcf;DcfReasonId;ste;DcfReason;ste.DcfReason;Id;PRIMARY KEY
ste;Dcf;ste.Dcf;DcfStatusId;ste;DcfStatus;ste.DcfStatus;Id;PRIMARY KEY
ste;Dcf;ste.Dcf;DcfTypeId;ste;DcfType;ste.DcfType;Id;PRIMARY KEY
ste;Dcf;ste.Dcf;SubjectId;ste;Subject;ste.Subject;Id;PRIMARY KEY
ste;Dcf;ste.Dcf;SubjectReqFormId;ste;SubjectReqForm;ste.SubjectReqForm;Id;PRIMARY KEY
ste;Dcf;ste.Dcf;SubjectReqFormSsdeValueInputId;ste;SubjectReqFormSSDEValueInput;ste.SubjectReqFormSSDEValueInput;Id;PRIMARY KEY
ste;Dcf;ste.Dcf;SubjectSampleId;ste;SubjectSample;ste.SubjectSample;Id;PRIMARY KEY
ste;Dcf;ste.Dcf;SubjectVisitId;ste;SubjectVisit;ste.SubjectVisit;Id;PRIMARY KEY
ste;DcfActivityLog;ste.DcfActivityLog;DcfId;ste;Dcf;ste.Dcf;Id;PRIMARY KEY
ste;DcfActivityLog;ste.DcfActivityLog;TypeId;ste;DcfActivityType;ste.DcfActivityType;Id;PRIMARY KEY
ste;DcfActivityLog;ste.DcfActivityLog;DcfReportId;ste;DcfReport;ste.DcfReport;Id;PRIMARY KEY
ste;DcfReport;ste.DcfReport;DcfActivityTypeId;ste;DcfActivityType;ste.DcfActivityType;Id;PRIMARY KEY
ste;DcfReportAddressee;ste.DcfReportAddressee;CraId;stp;CRA;stp.CRA;Id;PRIMARY KEY
ste;DcfReportAddressee;ste.DcfReportAddressee;DcfReportId;ste;DcfReport;ste.DcfReport;Id;PRIMARY KEY
ste;DcfReportAddressee;ste.DcfReportAddressee;ReportingMediumId;sts;ReportingMedium;sts.ReportingMedium;Id;PRIMARY KEY
ste;DcfReportAddressee;ste.DcfReportAddressee;StudySiteId;stp;Site;stp.Site;Id;PRIMARY KEY
ste;DcfReportAddressee;ste.DcfReportAddressee;SiteContactId;stp;SiteContact;stp.SiteContact;Id;PRIMARY KEY
ste;DcfReportAddressee;ste.DcfReportAddressee;StudyContactId;sts;StudyContact;sts.StudyContact;Id;PRIMARY KEY
ste;LabOrder;ste.LabOrder;LabOrderTypeId;ste;LabOrderType;ste.LabOrderType;Id;PRIMARY KEY
ste;LabOrder;ste.LabOrder;ShippingListId;ste;ShippingList;ste.ShippingList;Id;PRIMARY KEY
ste;LabOrder;ste.LabOrder;SubjectSampleWorkflowOperationId;ste;SubjectSampleWorkflowOperation;ste.SubjectSampleWorkflowOperation;Id;PRIMARY KEY
ste;LabOrderModifiedData;ste.LabOrderModifiedData;ReportableSsdeValueId;ste;ReportableSSDEValue;ste.ReportableSSDEValue;Id;PRIMARY KEY
ste;LabOrderModifiedData;ste.LabOrderModifiedData;SubjectSampleWorkflowOperationId;ste;SubjectSampleWorkflowOperation;ste.SubjectSampleWorkflowOperation;Id;PRIMARY KEY
ste;LabOrderResultMapping;ste.LabOrderResultMapping;LabOrderTestId;ste;LabOrderTest;ste.LabOrderTest;Id;PRIMARY KEY
ste;LabOrderTest;ste.LabOrderTest;LabOrderId;ste;LabOrder;ste.LabOrder;Id;PRIMARY KEY
ste;LabOrderTest;ste.LabOrderTest;SubjectTestId;ste;SubjectTest;ste.SubjectTest;Id;PRIMARY KEY
ste;PendingMstLabOrder;ste.PendingMstLabOrder;ShippingListId;ste;ShippingList;ste.ShippingList;Id;PRIMARY KEY
ste;PendingMstLabOrder;ste.PendingMstLabOrder;SubjectSampleWorkflowOperationId;ste;SubjectSampleWorkflowOperation;ste.SubjectSampleWorkflowOperation;Id;PRIMARY KEY
ste;PendingMstLabOrder;ste.PendingMstLabOrder;SubjectTestId;ste;SubjectTest;ste.SubjectTest;Id;PRIMARY KEY
ste;PendingSampleRelabeling;ste.PendingSampleRelabeling;SubjectSampleId;ste;SubjectSample;ste.SubjectSample;Id;PRIMARY KEY
ste;ReconciliationClosingTypeFlagging;ste.ReconciliationClosingTypeFlagging;ReconciliationClosingTypeId;sts;ReconciliationClosingType;sts.ReconciliationClosingType;Id;PRIMARY KEY
ste;ReconciliationClosingTypeFlagging;ste.ReconciliationClosingTypeFlagging;SubjectSampleId;ste;SubjectSample;ste.SubjectSample;Id;PRIMARY KEY
ste;ReportableSSDEValue;ste.ReportableSSDEValue;SsdeValueId;mtc;SSDEValue;mtc.SSDEValue;Id;PRIMARY KEY
ste;ReportableSSDEValue;ste.ReportableSSDEValue;SsdeId;mtc;SSDE;mtc.SSDE;Id;PRIMARY KEY
ste;ReportableSSDEValue;ste.ReportableSSDEValue;SsdeValueStatusId;ste;SSDEValueStatus;ste.SSDEValueStatus;Id;PRIMARY KEY
ste;ReportableSSDEValue;ste.ReportableSSDEValue;SubjectId;ste;Subject;ste.Subject;Id;PRIMARY KEY
ste;ReportableSSDEValue;ste.ReportableSSDEValue;SubjectReqFormSsdeValueInputId;ste;SubjectReqFormSSDEValueInput;ste.SubjectReqFormSSDEValueInput;Id;PRIMARY KEY
ste;ReportableSSDEValue;ste.ReportableSSDEValue;SubjectSampleId;ste;SubjectSample;ste.SubjectSample;Id;PRIMARY KEY
ste;ReportableSSDEValue;ste.ReportableSSDEValue;SubjectVisitId;ste;SubjectVisit;ste.SubjectVisit;Id;PRIMARY KEY
ste;ReportableSSDEValue;ste.ReportableSSDEValue;SubStudySsdeId;sts;SubStudySSDE;sts.SubStudySSDE;Id;PRIMARY KEY
ste;ReportableTestResult;ste.ReportableTestResult;ClinicalReportId;sts;ClinicalReport;sts.ClinicalReport;Id;PRIMARY KEY
ste;ReportableTestResult;ste.ReportableTestResult;InvestigatorReportPublishingStatusId;ste;PublishingStatus;ste.PublishingStatus;Id;PRIMARY KEY
ste;ReportableTestResult;ste.ReportableTestResult;UnblindedReportPublishingStatusId;ste;PublishingStatus;ste.PublishingStatus;Id;PRIMARY KEY
ste;ReportableTestResult;ste.ReportableTestResult;StudyTestId;sts;StudyTest;sts.StudyTest;Id;PRIMARY KEY
ste;ReportableTestResult;ste.ReportableTestResult;SubjectId;ste;Subject;ste.Subject;Id;PRIMARY KEY
ste;ReportableTestResult;ste.ReportableTestResult;SubjectLabTestResultId;ste;SubjectLabTestResult;ste.SubjectLabTestResult;Id;PRIMARY KEY
ste;ReportableTestResult;ste.ReportableTestResult;SubjectTestId;ste;SubjectTest;ste.SubjectTest;Id;PRIMARY KEY
ste;ReportableTestResult;ste.ReportableTestResult;BlindingSubjectTestConditionEvaluationId;ste;SubjectTestConditionEvaluation;ste.SubjectTestConditionEvaluation;Id;PRIMARY KEY
ste;ReportableTestResultComment;ste.ReportableTestResultComment;ConditionTypeId;sts;ConditionType;sts.ConditionType;Id;PRIMARY KEY
ste;ReportableTestResultComment;ste.ReportableTestResultComment;ReportableTestResultId;ste;ReportableTestResult;ste.ReportableTestResult;Id;PRIMARY KEY
ste;ReportableTestResultComment;ste.ReportableTestResultComment;ReportableTestResultFlaggingId;ste;ReportableTestResultFlagging;ste.ReportableTestResultFlagging;Id;PRIMARY KEY
ste;ReportableTestResultComment;ste.ReportableTestResultComment;SubjectTestConditionEvaluationId;ste;SubjectTestConditionEvaluation;ste.SubjectTestConditionEvaluation;Id;PRIMARY KEY
ste;ReportableTestResultFlagging;ste.ReportableTestResultFlagging;FlaggingTypeId;ste;FlaggingType;ste.FlaggingType;Id;PRIMARY KEY
ste;ReportableTestResultFlagging;ste.ReportableTestResultFlagging;ReferenceValueId;mtc;ReferenceValue;mtc.ReferenceValue;Id;PRIMARY KEY
ste;ReportableTestResultFlagging;ste.ReportableTestResultFlagging;ReportableTestResultUnitId;ste;ReportableTestResultUnit;ste.ReportableTestResultUnit;Id;PRIMARY KEY
ste;ReportableTestResultFlagging;ste.ReportableTestResultFlagging;StudyTestReferenceValueSystemId;sts;StudyTestTestReferenceValueSystem;sts.StudyTestTestReferenceValueSystem;Id;PRIMARY KEY
ste;ReportableTestResultFlagging;ste.ReportableTestResultFlagging;UnitConversionId;mtc;UnitConversion;mtc.UnitConversion;Id;PRIMARY KEY
ste;ReportableTestResultFlagging;ste.ReportableTestResultFlagging;UnitConversionDetailId;mtc;UnitConversionDetail;mtc.UnitConversionDetail;Id;PRIMARY KEY
ste;ReportableTestResultFlaggingElement;ste.ReportableTestResultFlaggingElement;ReportableSsdeId;ste;ReportableSSDEValue;ste.ReportableSSDEValue;Id;PRIMARY KEY
ste;ReportableTestResultFlaggingElement;ste.ReportableTestResultFlaggingElement;ReportableTestResultFlaggingId;ste;ReportableTestResultFlagging;ste.ReportableTestResultFlagging;Id;PRIMARY KEY
ste;ReportableTestResultFlaggingElement;ste.ReportableTestResultFlaggingElement;SsdeId;mtc;SSDE;mtc.SSDE;Id;PRIMARY KEY
ste;ReportableTestResultFlaggingNormalValue;ste.ReportableTestResultFlaggingNormalValue;ReferenceValueNormalResultId;mtc;ReferenceValueNormalResult;mtc.ReferenceValueNormalResult;Id;PRIMARY KEY
ste;ReportableTestResultFlaggingNormalValue;ste.ReportableTestResultFlaggingNormalValue;ReportableTestResultFlaggingId;ste;ReportableTestResultFlagging;ste.ReportableTestResultFlagging;Id;PRIMARY KEY
ste;ReportableTestResultFlaggingNormalValue;ste.ReportableTestResultFlaggingNormalValue;UnitConversionDetailId;mtc;UnitConversionDetail;mtc.UnitConversionDetail;Id;PRIMARY KEY
ste;ReportableTestResultUnit;ste.ReportableTestResultUnit;QuantitativeUnitTypeId;mtc;QuantitativeUnitType;mtc.QuantitativeUnitType;Id;PRIMARY KEY
ste;ReportableTestResultUnit;ste.ReportableTestResultUnit;ReportableTestResultId;ste;ReportableTestResult;ste.ReportableTestResult;Id;PRIMARY KEY
ste;ReportableTestResultUnit;ste.ReportableTestResultUnit;ReportingUnitId;mtc;Unit;mtc.Unit;Id;PRIMARY KEY
ste;ReportableTestResultUnit;ste.ReportableTestResultUnit;UnitConversionId;mtc;UnitConversion;mtc.UnitConversion;Id;PRIMARY KEY
ste;ReportableTestResultUnit;ste.ReportableTestResultUnit;UnitConversionDetailId;mtc;UnitConversionDetail;mtc.UnitConversionDetail;Id;PRIMARY KEY
ste;SampleReceptionCondition;ste.SampleReceptionCondition;NDCommentId;ste;NDComment;ste.NDComment;Id;PRIMARY KEY
ste;SampleReceptionTemperature;ste.SampleReceptionTemperature;TemperatureId;mtc;Temperature;mtc.Temperature;Id;PRIMARY KEY
ste;SampleReceptionTemperatureSSDE;ste.SampleReceptionTemperatureSSDE;SampleReceptionTemperatureId;ste;SampleReceptionTemperature;ste.SampleReceptionTemperature;Id;PRIMARY KEY
ste;SampleReceptionTemperatureSSDE;ste.SampleReceptionTemperatureSSDE;SsdeId;mtc;SSDE;mtc.SSDE;Id;PRIMARY KEY
ste;ShippingList;ste.ShippingList;AirwayBillId;ste;AirWayBill;ste.AirWayBill;Id;PRIMARY KEY
ste;ShippingList;ste.ShippingList;DivisionId;core;Division;core.Division;Id;PRIMARY KEY
ste;ShippingList;ste.ShippingList;LaboratoryId;mtc;Laboratory;mtc.Laboratory;Id;PRIMARY KEY
ste;ShippingList;ste.ShippingList;ReceivingDivisionId;core;Division;core.Division;Id;PRIMARY KEY
ste;ShippingList;ste.ShippingList;SampleShippingMethodId;mtc;SampleShippingMethod;mtc.SampleShippingMethod;Id;PRIMARY KEY
ste;ShippingList;ste.ShippingList;ShippingListStatusId;ste;ShippingListStatus;ste.ShippingListStatus;Id;PRIMARY KEY
ste;ShippingList;ste.ShippingList;SiteId;stp;Site;stp.Site;Id;PRIMARY KEY
ste;ShippingList;ste.ShippingList;SponsorLocalLabId;sts;SponsorLocalLab;sts.SponsorLocalLab;Id;PRIMARY KEY
ste;Subject;ste.Subject;StudyId;sts;Study;sts.Study;Id;PRIMARY KEY
ste;Subject;ste.Subject;UsedSubjectVisitIdForYearOfBirthForLab;ste;SubjectVisit;ste.SubjectVisit;Id;PRIMARY KEY
ste;SubjectCalculatedTestResultElement;ste.SubjectCalculatedTestResultElement;UsedReportableSsdeValueId;ste;ReportableSSDEValue;ste.ReportableSSDEValue;Id;PRIMARY KEY
ste;SubjectCalculatedTestResultElement;ste.SubjectCalculatedTestResultElement;SsdeId;mtc;SSDE;mtc.SSDE;Id;PRIMARY KEY
ste;SubjectCalculatedTestResultElement;ste.SubjectCalculatedTestResultElement;UsedSubjectLabTestResultId;ste;SubjectLabTestResult;ste.SubjectLabTestResult;Id;PRIMARY KEY
ste;SubjectCalculatedTestResultElement;ste.SubjectCalculatedTestResultElement;SubjectLabTestResultId;ste;SubjectLabTestResult;ste.SubjectLabTestResult;Id;PRIMARY KEY
ste;SubjectCalculatedTestResultElement;ste.SubjectCalculatedTestResultElement;TestSpecimenId;mtc;TestSpecimen;mtc.TestSpecimen;Id;PRIMARY KEY
ste;SubjectCalculatedTestResultElement;ste.SubjectCalculatedTestResultElement;UnitId;mtc;Unit;mtc.Unit;Id;PRIMARY KEY
ste;SubjectCalculatedTestResultElement;ste.SubjectCalculatedTestResultElement;UnitConversionId;mtc;UnitConversion;mtc.UnitConversion;Id;PRIMARY KEY
ste;SubjectCalculatedTestResultElement;ste.SubjectCalculatedTestResultElement;UnitConversionDetailId;mtc;UnitConversionDetail;mtc.UnitConversionDetail;Id;PRIMARY KEY
ste;SubjectClinicalReport;ste.SubjectClinicalReport;ClinicalReportId;sts;ClinicalReport;sts.ClinicalReport;Id;PRIMARY KEY
ste;SubjectClinicalReport;ste.SubjectClinicalReport;DeliveryStatusId;ste;DeliveryStatus;ste.DeliveryStatus;Id;PRIMARY KEY
ste;SubjectClinicalReport;ste.SubjectClinicalReport;QuantitativeTypeId;mtc;QuantitativeUnitType;mtc.QuantitativeUnitType;Id;PRIMARY KEY
ste;SubjectClinicalReport;ste.SubjectClinicalReport;ReportTitleId;ste;ReportTitle;ste.ReportTitle;Id;PRIMARY KEY
ste;SubjectClinicalReport;ste.SubjectClinicalReport;ReportVariantId;ste;ReportVariant;ste.ReportVariant;Id;PRIMARY KEY
ste;SubjectClinicalReport;ste.SubjectClinicalReport;SubjectReqFormStatusId;ste;ReqFormStatus;ste.ReqFormStatus;Id;PRIMARY KEY
ste;SubjectClinicalReport;ste.SubjectClinicalReport;StudyVisitTimePointId;sts;StudyVisitTimePoint;sts.StudyVisitTimePoint;Id;PRIMARY KEY
ste;SubjectClinicalReport;ste.SubjectClinicalReport;StudyVisitTimePointId-1;sts;StudyVisitTimePoint;sts.StudyVisitTimePoint;Id;PRIMARY KEY
ste;SubjectClinicalReport;ste.SubjectClinicalReport;StudyVisitTimePointId-2;sts;StudyVisitTimePoint;sts.StudyVisitTimePoint;Id;PRIMARY KEY
ste;SubjectClinicalReport;ste.SubjectClinicalReport;SubjectId;ste;Subject;ste.Subject;Id;PRIMARY KEY
ste;SubjectClinicalReport;ste.SubjectClinicalReport;SubjectReqFormId;ste;SubjectReqForm;ste.SubjectReqForm;Id;PRIMARY KEY
ste;SubjectClinicalReport;ste.SubjectClinicalReport;SubjectVisitIdMin1;ste;SubjectVisit;ste.SubjectVisit;Id;PRIMARY KEY
ste;SubjectClinicalReport;ste.SubjectClinicalReport;SubjectVisitIdMin2;ste;SubjectVisit;ste.SubjectVisit;Id;PRIMARY KEY
ste;SubjectClinicalReportAddressee;ste.SubjectClinicalReportAddressee;StudySiteId;stp;Site;stp.Site;Id;PRIMARY KEY
ste;SubjectClinicalReportAddressee;ste.SubjectClinicalReportAddressee;SiteContactId;stp;SiteContact;stp.SiteContact;Id;PRIMARY KEY
ste;SubjectClinicalReportAddressee;ste.SubjectClinicalReportAddressee;StudyContactId;sts;StudyContact;sts.StudyContact;Id;PRIMARY KEY
ste;SubjectClinicalReportAddressee;ste.SubjectClinicalReportAddressee;SubjectClinicalReportId;ste;SubjectClinicalReport;ste.SubjectClinicalReport;Id;PRIMARY KEY
ste;SubjectClinicalReportComment;ste.SubjectClinicalReportComment;SubjectClinicalReportId;ste;SubjectClinicalReport;ste.SubjectClinicalReport;Id;PRIMARY KEY
ste;SubjectClinicalReportReferenceValueSystem;ste.SubjectClinicalReportReferenceValueSystem;ReferenceValueSystemId;mtc;ReferenceValueSystem;mtc.ReferenceValueSystem;Id;PRIMARY KEY
ste;SubjectClinicalReportReferenceValueSystem;ste.SubjectClinicalReportReferenceValueSystem;SubjectClinicalReportId;ste;SubjectClinicalReport;ste.SubjectClinicalReport;Id;PRIMARY KEY
ste;SubjectClinicalReportSample;ste.SubjectClinicalReportSample;SubjectClinicalReportId;ste;SubjectClinicalReport;ste.SubjectClinicalReport;Id;PRIMARY KEY
ste;SubjectClinicalReportSample;ste.SubjectClinicalReportSample;SubjectSampleId;ste;SubjectSample;ste.SubjectSample;Id;PRIMARY KEY
ste;SubjectClinicalReportSSDEValue;ste.SubjectClinicalReportSSDEValue;ReportableSsdeValueId;ste;ReportableSSDEValue;ste.ReportableSSDEValue;Id;PRIMARY KEY
ste;SubjectClinicalReportSSDEValue;ste.SubjectClinicalReportSSDEValue;ReportableSsdeValueId-1;ste;ReportableSSDEValue;ste.ReportableSSDEValue;Id;PRIMARY KEY
ste;SubjectClinicalReportSSDEValue;ste.SubjectClinicalReportSSDEValue;ReportableSsdeValueId-2;ste;ReportableSSDEValue;ste.ReportableSSDEValue;Id;PRIMARY KEY
ste;SubjectClinicalReportSSDEValue;ste.SubjectClinicalReportSSDEValue;SubjectClinicalReportId;ste;SubjectClinicalReport;ste.SubjectClinicalReport;Id;PRIMARY KEY
ste;SubjectClinicalReportTestResult;ste.SubjectClinicalReportTestResult;ReportableTestResultId;ste;ReportableTestResult;ste.ReportableTestResult;Id;PRIMARY KEY
ste;SubjectClinicalReportTestResult;ste.SubjectClinicalReportTestResult;ReportableTestResultId-1;ste;ReportableTestResult;ste.ReportableTestResult;Id;PRIMARY KEY
ste;SubjectClinicalReportTestResult;ste.SubjectClinicalReportTestResult;ReportableTestResultId-2;ste;ReportableTestResult;ste.ReportableTestResult;Id;PRIMARY KEY
ste;SubjectClinicalReportTestResult;ste.SubjectClinicalReportTestResult;StudyVisitTimePointTestId;ste;SubjectClinicalReport;ste.SubjectClinicalReport;Id;PRIMARY KEY
ste;SubjectClinicalReportTestResult;ste.SubjectClinicalReportTestResult;SubjectClinicalReportId;mtc;Unit;mtc.Unit;Id;PRIMARY KEY
ste;SubjectLabTestResult;ste.SubjectLabTestResult;BaseUnitId;mtc;Formula;mtc.Formula;Id;PRIMARY KEY
ste;SubjectLabTestResult;ste.SubjectLabTestResult;FormulaId;ste;LabOrderTest;ste.LabOrderTest;Id;PRIMARY KEY
ste;SubjectLabTestResult;ste.SubjectLabTestResult;LabOrderTestId;ste;LabTestResultError;ste.LabTestResultError;Id;PRIMARY KEY
ste;SubjectLabTestResult;ste.SubjectLabTestResult;TestResultErrorId;ste;LabTestResultStatus;ste.LabTestResultStatus;Id;PRIMARY KEY
ste;SubjectLabTestResult;ste.SubjectLabTestResult;ResultStatusId;ste;ResultCollectionMethod;ste.ResultCollectionMethod;Id;PRIMARY KEY
ste;SubjectLabTestResult;ste.SubjectLabTestResult;ResultCollectionMethodId;ste;SubjectSample;ste.SubjectSample;Id;PRIMARY KEY
ste;SubjectLabTestResult;ste.SubjectLabTestResult;SubjectSampleId;ste;SubjectTest;ste.SubjectTest;Id;PRIMARY KEY
ste;SubjectLabTestResult;ste.SubjectLabTestResult;SubjectTestId;mtc;TestSpecimen;mtc.TestSpecimen;Id;PRIMARY KEY
ste;SubjectLabTestResult;ste.SubjectLabTestResult;TestSpecimenId;mtc;Unit;mtc.Unit;Id;PRIMARY KEY
ste;SubjectLabTestResult;ste.SubjectLabTestResult;UnitId;mtc;UnitConversion;mtc.UnitConversion;Id;PRIMARY KEY
ste;SubjectLabTestResult;ste.SubjectLabTestResult;UnitConversionId;mtc;UnitConversionDetail;mtc.UnitConversionDetail;Id;PRIMARY KEY
ste;SubjectLabTestResult;ste.SubjectLabTestResult;UnitConversionDetailId;ste;SubjectTest;ste.SubjectTest;Id;PRIMARY KEY
ste;SubjectOptionalTestInput;ste.SubjectOptionalTestInput;SubjectTestId;ste;AirWayBill;ste.AirWayBill;Id;PRIMARY KEY
ste;SubjectReqForm;ste.SubjectReqForm;AirWayBillId;sts;ReconciliationClosingType;sts.ReconciliationClosingType;Id;PRIMARY KEY
ste;SubjectReqForm;ste.SubjectReqForm;ReconciliationClosingTypeId;sts;ReqFormPrinter;sts.ReqFormPrinter;Id;PRIMARY KEY
ste;SubjectReqForm;ste.SubjectReqForm;ReqFormPrinterId;ste;ReqFormStatus;ste.ReqFormStatus;Id;PRIMARY KEY
ste;SubjectReqForm;ste.SubjectReqForm;ReqFormStatusId;stp;Site;stp.Site;Id;PRIMARY KEY
ste;SubjectReqForm;ste.SubjectReqForm;StudySiteId;ste;Subject;ste.Subject;Id;PRIMARY KEY
ste;SubjectReqForm;ste.SubjectReqForm;SubjectId;ste;SubjectVisit;ste.SubjectVisit;Id;PRIMARY KEY
ste;SubjectReqForm;ste.SubjectReqForm;SubjectVisitId;ste;SubjectReqForm;ste.SubjectReqForm;Id;PRIMARY KEY
ste;SubjectReqForm;ste.SubjectReqForm;WasTransformedFromSubjectReqFormId;ste;ReqFormProblemCode;ste.ReqFormProblemCode;Id;PRIMARY KEY
ste;SubjectReqFormProblem;ste.SubjectReqFormProblem;ReqFormProblemCodeId;ste;SubjectReqForm;ste.SubjectReqForm;Id;PRIMARY KEY
ste;SubjectReqFormProblem;ste.SubjectReqFormProblem;SubjectReqFormId;mtc;SSDE;mtc.SSDE;Id;PRIMARY KEY
ste;SubjectReqFormSSDEValue;ste.SubjectReqFormSSDEValue;SsdeId;mtc;SSDEDataType;mtc.SSDEDataType;Id;PRIMARY KEY
ste;SubjectReqFormSSDEValue;ste.SubjectReqFormSSDEValue;SsdeDataTypeId;ste;SubjectReqForm;ste.SubjectReqForm;Id;PRIMARY KEY
ste;SubjectReqFormSSDEValue;ste.SubjectReqFormSSDEValue;SubjectReqFormId;ste;SubjectSample;ste.SubjectSample;Id;PRIMARY KEY
ste;SubjectReqFormSSDEValue;ste.SubjectReqFormSSDEValue;SubjectSampleId;sts;SubStudySSDE;sts.SubStudySSDE;Id;PRIMARY KEY
ste;SubjectReqFormSSDEValue;ste.SubjectReqFormSSDEValue;SubStudySsdeId;ste;SSDEValueChangeReason;ste.SSDEValueChangeReason;Id;PRIMARY KEY
ste;SubjectReqFormSSDEValueInput;ste.SubjectReqFormSSDEValueInput;SsdeValueChangeReasonId;ste;SSDEValueInputProblemCode;ste.SSDEValueInputProblemCode;Id;PRIMARY KEY
ste;SubjectReqFormSSDEValueInput;ste.SubjectReqFormSSDEValueInput;SSDEValueInputProblemCodeId;ste;SSDEValueInputStatus;ste.SSDEValueInputStatus;Id;PRIMARY KEY
ste;SubjectReqFormSSDEValueInput;ste.SubjectReqFormSSDEValueInput;SsdeValueInputStatusId;ste;SubjectReqFormSSDEValue;ste.SubjectReqFormSSDEValue;Id;PRIMARY KEY
ste;SubjectReqFormSSDEValueInput;ste.SubjectReqFormSSDEValueInput;SubjectReqFormSsdeValueId;ste;SSDEValueChangeReason;ste.SSDEValueChangeReason;Id;PRIMARY KEY
ste;SubjectReqFormVisitInput;ste.SubjectReqFormVisitInput;SsdeValueChangeReasonId;ste;SSDEValueInputProblemCode;ste.SSDEValueInputProblemCode;Id;PRIMARY KEY
ste;SubjectReqFormVisitInput;ste.SubjectReqFormVisitInput;SSDEValueInputProblemCodeId;ste;SSDEValueInputStatus;ste.SSDEValueInputStatus;Id;PRIMARY KEY
ste;SubjectReqFormVisitInput;ste.SubjectReqFormVisitInput;SsdeValueInputStatusId;ste;SubjectReqForm;ste.SubjectReqForm;Id;PRIMARY KEY
ste;SubjectReqFormVisitInput;ste.SubjectReqFormVisitInput;SubjectReqFormId;mtc;MasterItem;mtc.MasterItem;Id;PRIMARY KEY
ste;SubjectSample;ste.SubjectSample;ContainerMasterItemId;ste;SubjectSample;ste.SubjectSample;Id;PRIMARY KEY
ste;SubjectSample;ste.SubjectSample;MstBaseSubjectSampleId;sts;ReconciliationClosingType;sts.ReconciliationClosingType;Id;PRIMARY KEY
ste;SubjectSample;ste.SubjectSample;ReconciliationClosingTypeId;ste;RetrievalType;ste.RetrievalType;Id;PRIMARY KEY
ste;SubjectSample;ste.SubjectSample;RetrievalTypeId;ste;SubjectReqForm;ste.SubjectReqForm;Id;PRIMARY KEY
ste;SubjectSample;ste.SubjectSample;SubjectReqFormId;ste;SubjectSample;ste.SubjectSample;Id;PRIMARY KEY
ste;SubjectSample;ste.SubjectSample;SourceSubjectSampleId;ste;SubjectSample;ste.SubjectSample;Id;PRIMARY KEY
ste;SubjectSample;ste.SubjectSample;WasTransformedFromSubjectSampleId;ste;WorkflowProblemCode;ste.WorkflowProblemCode;Id;PRIMARY KEY
ste;SubjectSample;ste.SubjectSample;WorkflowProblemCodeId;ste;SubjectSample;ste.SubjectSample;Id;PRIMARY KEY
ste;SubjectSampleIdLogging;ste.SubjectSampleIdLogging;SubjectSampleId;ste;SampleReceptionTemperatureSSDE;ste.SampleReceptionTemperatureSSDE;Id;PRIMARY KEY
ste;SubjectSampleReceptionTemperatureSSDE;ste.SubjectSampleReceptionTemperatureSSDE;SampleReceptionTemperatureSsdeId;ste;SubjectSampleWorkflowOperation;ste.SubjectSampleWorkflowOperation;Id;PRIMARY KEY
ste;SubjectSampleReceptionTemperatureSSDE;ste.SubjectSampleReceptionTemperatureSSDE;SubjectSampleWorkflowOperationId;ste;SubjectSample;ste.SubjectSample;Id;PRIMARY KEY
ste;SubjectSampleShippingListLock;ste.SubjectSampleShippingListLock;SubjectSampleId;ste;ShippingList;ste.ShippingList;Id;PRIMARY KEY
ste;SubjectSampleShippingScanningLog;ste.SubjectSampleShippingScanningLog;ShippingListId;ste;SubjectSample;ste.SubjectSample;Id;PRIMARY KEY
ste;SubjectSampleShippingScanningLog;ste.SubjectSampleShippingScanningLog;SubjectSampleId;ste;AirWayBill;ste.AirWayBill;Id;PRIMARY KEY
ste;SubjectSampleWorkflowOperation;ste.SubjectSampleWorkflowOperation;AirWayBillId;sts;SampleOperation;sts.SampleOperation;Id;PRIMARY KEY
ste;SubjectSampleWorkflowOperation;ste.SubjectSampleWorkflowOperation;SampleOperationId;ste;SampleReceptionCondition;ste.SampleReceptionCondition;Id;PRIMARY KEY
ste;SubjectSampleWorkflowOperation;ste.SubjectSampleWorkflowOperation;SampleReceptionConditionId;ste;SampleReceptionTemperature;ste.SampleReceptionTemperature;Id;PRIMARY KEY
ste;SubjectSampleWorkflowOperation;ste.SubjectSampleWorkflowOperation;SampleReceptionTemperatureId;ste;ShippingList;ste.ShippingList;Id;PRIMARY KEY
ste;SubjectSampleWorkflowOperation;ste.SubjectSampleWorkflowOperation;ShippingListId;ste;SubjectSample;ste.SubjectSample;Id;PRIMARY KEY
ste;SubjectSampleWorkflowOperation;ste.SubjectSampleWorkflowOperation;SubjectSampleId;ste;SubjectSampleWorkflowOperationDeviation;ste.SubjectSampleWorkflowOperationDeviation;Id;PRIMARY KEY
ste;SubjectSampleWorkflowOperation;ste.SubjectSampleWorkflowOperation;SubjectSampleWorkflowOperationDeviationId;mtc;BatchFrequency;mtc.BatchFrequency;Id;PRIMARY KEY
ste;SubjectSampleWorkflowOperationDeviation;ste.SubjectSampleWorkflowOperationDeviation;AnalysisBatchFrequencyId;sts;ShippingBatchFrequency;sts.ShippingBatchFrequency;Id;PRIMARY KEY
ste;SubjectSampleWorkflowOperationDeviation;ste.SubjectSampleWorkflowOperationDeviation;ShippingBatchFrequencyId;core;Division;core.Division;Id;PRIMARY KEY
ste;SubjectSampleWorkflowOperationDeviation;ste.SubjectSampleWorkflowOperationDeviation;DivisionId;mtc;InstrumentChain;mtc.InstrumentChain;Id;PRIMARY KEY
ste;SubjectSampleWorkflowOperationDeviation;ste.SubjectSampleWorkflowOperationDeviation;InstrumentChainId;mtc;Laboratory;mtc.Laboratory;Id;PRIMARY KEY
ste;SubjectSampleWorkflowOperationDeviation;ste.SubjectSampleWorkflowOperationDeviation;LaboratoryId;mtc;Temperature;mtc.Temperature;Id;PRIMARY KEY
ste;SubjectSampleWorkflowOperationDeviation;ste.SubjectSampleWorkflowOperationDeviation;LocalStorageTemperatureId;mtc;PreAnalyticalHandlingType;mtc.PreAnalyticalHandlingType;Id;PRIMARY KEY
ste;SubjectSampleWorkflowOperationDeviation;ste.SubjectSampleWorkflowOperationDeviation;PreanalyticalHandlingTypeId;sts;SampleOperation;sts.SampleOperation;Id;PRIMARY KEY
ste;SubjectSampleWorkflowOperationDeviation;ste.SubjectSampleWorkflowOperationDeviation;SampleOperationId;mtc;SampleShippingMethod;mtc.SampleShippingMethod;Id;PRIMARY KEY
ste;SubjectSampleWorkflowOperationDeviation;ste.SubjectSampleWorkflowOperationDeviation;SampleShippingMethodId;sts;SponsorLocalLab;sts.SponsorLocalLab;Id;PRIMARY KEY
ste;SubjectSampleWorkflowOperationDeviation;ste.SubjectSampleWorkflowOperationDeviation;SponsorLocalLabId;mtc;Temperature;mtc.Temperature;Id;PRIMARY KEY
ste;SubjectSampleWorkflowOperationDeviation;ste.SubjectSampleWorkflowOperationDeviation;DivisionStorageTemperatureId;ste;SubjectSampleWorkflowOperation;ste.SubjectSampleWorkflowOperation;Id;PRIMARY KEY
ste;SubjectSampleWorkflowOperationTest;ste.SubjectSampleWorkflowOperationTest;SubjectSampleWorkflowOperationId;ste;SubjectTest;ste.SubjectTest;Id;PRIMARY KEY
ste;SubjectSampleWorkflowOperationTest;ste.SubjectSampleWorkflowOperationTest;SubjectTestId;mtc;Formula;mtc.Formula;Id;PRIMARY KEY
ste;SubjectTest;ste.SubjectTest;FormulaId;mtc;LabTest;mtc.LabTest;Id;PRIMARY KEY
ste;SubjectTest;ste.SubjectTest;LabTestId;ste;MustTestBeExecutedType;ste.MustTestBeExecutedType;Id;PRIMARY KEY
ste;SubjectTest;ste.SubjectTest;MustTestBeExecutedOnDuplicateTypeId;ste;MustTestBeExecutedType;ste.MustTestBeExecutedType;Id;PRIMARY KEY
ste;SubjectTest;ste.SubjectTest;MustTestBeExecutedTypeId;ste;SubjectReqForm;ste.SubjectReqForm;Id;PRIMARY KEY
ste;SubjectTest;ste.SubjectTest;SubjectReqFormId;ste;SubjectTest;ste.SubjectTest;Id;PRIMARY KEY
ste;SubjectTest;ste.SubjectTest;ComposedSubjectTestId;sts;TestExecutionType;sts.TestExecutionType;Id;PRIMARY KEY
ste;SubjectTest;ste.SubjectTest;TestExecutionTypeId;sts;StudyConditionTest;sts.StudyConditionTest;Id;PRIMARY KEY
ste;SubjectTestCondition;ste.SubjectTestCondition;StudyConditionTestId;ste;SubjectTest;ste.SubjectTest;Id;PRIMARY KEY
ste;SubjectTestCondition;ste.SubjectTestCondition;SubjectTestId;ste;ReportableSSDEValue;ste.ReportableSSDEValue;Id;PRIMARY KEY
ste;SubjectTestConditionElement;ste.SubjectTestConditionElement;UsedReportableSsdeValueId;mtc;SSDE;mtc.SSDE;Id;PRIMARY KEY
ste;SubjectTestConditionElement;ste.SubjectTestConditionElement;SsdeId;ste;SubjectLabTestResult;ste.SubjectLabTestResult;Id;PRIMARY KEY
ste;SubjectTestConditionElement;ste.SubjectTestConditionElement;UsedSubjectLabTestResultId;ste;SubjectTestConditionEvaluation;ste.SubjectTestConditionEvaluation;Id;PRIMARY KEY
ste;SubjectTestConditionElement;ste.SubjectTestConditionElement;SubjectTestConditionEvaluationId;mtc;TestSpecimen;mtc.TestSpecimen;Id;PRIMARY KEY
ste;SubjectTestConditionElement;ste.SubjectTestConditionElement;TestSpecimenId;mtc;Unit;mtc.Unit;Id;PRIMARY KEY
ste;SubjectTestConditionElement;ste.SubjectTestConditionElement;UnitId;mtc;UnitConversion;mtc.UnitConversion;Id;PRIMARY KEY
ste;SubjectTestConditionElement;ste.SubjectTestConditionElement;UnitConversionId;mtc;UnitConversionDetail;mtc.UnitConversionDetail;Id;PRIMARY KEY
ste;SubjectTestConditionElement;ste.SubjectTestConditionElement;UnitConversionDetailId;ste;SubjectTestCondition;ste.SubjectTestCondition;Id;PRIMARY KEY
ste;SubjectTestConditionEvaluation;ste.SubjectTestConditionEvaluation;SubjectTestConditionId;ste;SubjectLabTestResult;ste.SubjectLabTestResult;Id;PRIMARY KEY
ste;SubjectTestLastResult;ste.SubjectTestLastResult;SubjectLabTestResultId;ste;SubjectLabTestResult;ste.SubjectLabTestResult;Id;PRIMARY KEY
ste;SubjectTestLastResult;ste.SubjectTestLastResult;SubjectLabTestResultLastProcessedId;sts;StudySubjectGroup;sts.StudySubjectGroup;Id;PRIMARY KEY
ste;SubjectVisit;ste.SubjectVisit;StudySubjectGroupId;sts;StudyVisit;sts.StudyVisit;Id;PRIMARY KEY
ste;SubjectVisit;ste.SubjectVisit;StudyVisitId;ste;Subject;ste.Subject;Id;PRIMARY KEY
ste;SubjectVisit;ste.SubjectVisit;SubjectId;sts;StudyVisitTimePoint;sts.StudyVisitTimePoint;Id;PRIMARY KEY
ste;SubjectVisitTimePoint;ste.SubjectVisitTimePoint;StudyVisitTimePointId;ste;SubjectVisit;ste.SubjectVisit;Id;PRIMARY KEY
ste;SubjectVisitTimePoint;ste.SubjectVisitTimePoint;SubjectVisitId;core;Country;core.Country;Id;PRIMARY KEY
stp;CRA;stp.CRA;CountryId;sts;Study;sts.Study;Id;PRIMARY KEY
stp;CRA;stp.CRA;StudyId;core;Country;core.Country;Id;PRIMARY KEY
stp;Site;stp.Site;CountryId;stp;CRA;stp.CRA;Id;PRIMARY KEY
stp;Site;stp.Site;CraId;core;Language;core.Language;Id;PRIMARY KEY
stp;Site;stp.Site;LeafletLanguageId;mtc;QuantitativeUnitType;mtc.QuantitativeUnitType;Id;PRIMARY KEY
stp;Site;stp.Site;QuantitativeReportingUnitTypeId;sts;Study;sts.Study;Id;PRIMARY KEY
stp;Site;stp.Site;StudyId;stp;Site;stp.Site;Id;PRIMARY KEY
stp;SiteActivation;stp.SiteActivation;SiteId;sts;StudyProtocolVersion;sts.StudyProtocolVersion;Id;PRIMARY KEY
stp;SiteActivation;stp.SiteActivation;StudyProtocolVersionId;stp;Site;stp.Site;Id;PRIMARY KEY
stp;SiteContact;stp.SiteContact;SiteId;stp;SiteContactType;stp.SiteContactType;Id;PRIMARY KEY
stp;SiteContact;stp.SiteContact;SiteContactTypeId;sts;ReportingMedium;sts.ReportingMedium;Id;PRIMARY KEY
stp;SiteReportingMedium;stp.SiteReportingMedium;ReportingMediumId;stp;Site;stp.Site;Id;PRIMARY KEY
stp;SiteReportingMedium;stp.SiteReportingMedium;SiteId;sts;SiteInformationMapping;sts.SiteInformationMapping;Id;PRIMARY KEY
sts;SiteInformationMappingDetail;sts.SiteInformationMappingDetail;SiteInformationMappingId;sts;LayoutType;sts.LayoutType;Id;PRIMARY KEY
sts;ClinicalReport;sts.ClinicalReport;LayoutTypeId;sts;StudyVisitTimePoint;sts.StudyVisitTimePoint;Id;PRIMARY KEY
sts;ClinicalReport;sts.ClinicalReport;StudyVisitTimePointId;sts;StudyReqForm;sts.StudyReqForm;Id;PRIMARY KEY
sts;ReqFormLabelSheetCoordinates;sts.ReqFormLabelSheetCoordinates;StudyReqFormId;sts;StudySample;sts.StudySample;Id;PRIMARY KEY
sts;ReqFormLabelSheetCoordinates;sts.ReqFormLabelSheetCoordinates;StudySampleId;sts;StudySampleSSDE;sts.StudySampleSSDE;Id;PRIMARY KEY
sts;ReqFormLabelSheetCoordinates;sts.ReqFormLabelSheetCoordinates;StudySampleSsdeId;sts;StudyVisitTimePoint;sts.StudyVisitTimePoint;Id;PRIMARY KEY
sts;ReqFormLabelSheetCoordinates;sts.ReqFormLabelSheetCoordinates;StudyVisitTimePointId;sts;ReqFormPrinterType;sts.ReqFormPrinterType;Id;PRIMARY KEY
sts;ReqFormPrinter;sts.ReqFormPrinter;ReqFormPrinterTypeId;sts;StudyCycle;sts.StudyCycle;Id;PRIMARY KEY
sts;ReqFormSsdeSheetCoordinates;sts.ReqFormSsdeSheetCoordinates;StudyCycleId;sts;StudyReqForm;sts.StudyReqForm;Id;PRIMARY KEY
sts;ReqFormSsdeSheetCoordinates;sts.ReqFormSsdeSheetCoordinates;StudyReqFormId;sts;StudyReqformLayoutComment;sts.StudyReqformLayoutComment;Id;PRIMARY KEY
sts;ReqFormSsdeSheetCoordinates;sts.ReqFormSsdeSheetCoordinates;StudyReqformLayoutCommentId;sts;StudyReqFormSSDE;sts.StudyReqFormSSDE;Id;PRIMARY KEY
sts;ReqFormSsdeSheetCoordinates;sts.ReqFormSsdeSheetCoordinates;StudyReqFormSsdeId;sts;StudyTestCategory;sts.StudyTestCategory;Id;PRIMARY KEY
sts;ReqFormSsdeSheetCoordinates;sts.ReqFormSsdeSheetCoordinates;StudyTestCategoryId;sts;StudyVisit;sts.StudyVisit;Id;PRIMARY KEY
sts;ReqFormSsdeSheetCoordinates;sts.ReqFormSsdeSheetCoordinates;StudyVisitId;sts;SampleExecutionControlType;sts.SampleExecutionControlType;Id;PRIMARY KEY
sts;ReqFormSsdeSheetCoordinates;sts.ReqFormSsdeSheetCoordinates;StudyVisitTimePointTestId;sts;SampleLocationType;sts.SampleLocationType;Id;PRIMARY KEY
sts;SampleOperation;sts.SampleOperation;SampleExecutionControlTypeId;sts;SampleOperationType;sts.SampleOperationType;Id;PRIMARY KEY
sts;SampleOperation;sts.SampleOperation;SampleLocationTypeId;sts;SampleOperation;sts.SampleOperation;Id;PRIMARY KEY
sts;SampleOperation;sts.SampleOperation;SampleOperationTypeId;sts;SampleOperation;sts.SampleOperation;Id;PRIMARY KEY
sts;SampleOperationSuccessor;sts.SampleOperationSuccessor;SampleOperationId;mtc;ReferenceValueSystem;mtc.ReferenceValueSystem;Id;PRIMARY KEY
sts;SampleOperationSuccessor;sts.SampleOperationSuccessor;SuccessorSampleOperationId;sts;SponsorCro;sts.SponsorCro;Id;PRIMARY KEY
sts;SponsorCroReferenceValueSystem;sts.SponsorCroReferenceValueSystem;ReferenceValueSystemId;core;Country;core.Country;Id;PRIMARY KEY
sts;SponsorCroReferenceValueSystem;sts.SponsorCroReferenceValueSystem;SponsorCroId;sts;Study;sts.Study;Id;PRIMARY KEY
sts;SponsorLocalLab;sts.SponsorLocalLab;CountryId;sts;SponsorCro;sts.SponsorCro;Id;PRIMARY KEY
sts;SponsorLocalLab;sts.SponsorLocalLab;StudyId;sts;ClinicalPhase;sts.ClinicalPhase;Id;PRIMARY KEY
sts;SponsorLogo;sts.SponsorLogo;SponsorCroId;core;Country;core.Country;Id;PRIMARY KEY
sts;Study;sts.Study;ClinicalPhaseId;core;Country;core.Country;Id;PRIMARY KEY
sts;Study;sts.Study;LabSpecsDeliveryAddress1CountryId;sts;EvaluationBoxType;sts.EvaluationBoxType;Id;PRIMARY KEY
sts;Study;sts.Study;LabSpecsDeliveryAddress2CountryId;sts;Study;sts.Study;Id;PRIMARY KEY
sts;Study;sts.Study;EvaluationBoxTypeId;sts;ConditionSubType;sts.ConditionSubType;Id;PRIMARY KEY
sts;Study;sts.Study;BaseStudyId;sts;ConditionType;sts.ConditionType;Id;PRIMARY KEY
sts;StudyCondition;sts.StudyCondition;ConditionSubTypeId;sts;StudyVersion;sts.StudyVersion;Id;PRIMARY KEY
sts;StudyCondition;sts.StudyCondition;ConditionTypeId;mtc;BlindingType;mtc.BlindingType;Id;PRIMARY KEY
sts;StudyCondition;sts.StudyCondition;StudyVersionId;sts;StudyCondition;sts.StudyCondition;Id;PRIMARY KEY
sts;StudyConditionDetail;sts.StudyConditionDetail;BlindingTypeId;sts;StudyCondition;sts.StudyCondition;Id;PRIMARY KEY
sts;StudyConditionDetail;sts.StudyConditionDetail;StudyConditionId;sts;StudyTest;sts.StudyTest;Id;PRIMARY KEY
sts;StudyConditionTest;sts.StudyConditionTest;StudyConditionId;sts;RelativeVisitType;sts.RelativeVisitType;Id;PRIMARY KEY
sts;StudyConditionTest;sts.StudyConditionTest;StudyTestId;mtc;SSDE;mtc.SSDE;Id;PRIMARY KEY
sts;StudyConditionTest;sts.StudyConditionTest;StudyVisitTimePointTestId;sts;StudyCondition;sts.StudyCondition;Id;PRIMARY KEY
sts;StudyConditionUsesSSDE;sts.StudyConditionUsesSSDE;RelativeVisitTypeId;sts;StudyVisitTimePoint;sts.StudyVisitTimePoint;Id;PRIMARY KEY
sts;StudyConditionUsesSSDE;sts.StudyConditionUsesSSDE;SSDEId;sts;RelativeVisitType;sts.RelativeVisitType;Id;PRIMARY KEY
sts;StudyConditionUsesSSDE;sts.StudyConditionUsesSSDE;StudyConditionId;sts;StudyCondition;sts.StudyCondition;Id;PRIMARY KEY
sts;StudyConditionUsesSSDE;sts.StudyConditionUsesSSDE;StudyVisitTimePointId;sts;StudyTest;sts.StudyTest;Id;PRIMARY KEY
sts;StudyConditionUsesStudyTest;sts.StudyConditionUsesStudyTest;RelativeVisitTypeId;sts;StudyVisitTimePoint;sts.StudyVisitTimePoint;Id;PRIMARY KEY
sts;StudyConditionUsesStudyTest;sts.StudyConditionUsesStudyTest;StudyConditionId;mtc;Unit;mtc.Unit;Id;PRIMARY KEY
sts;StudyConditionUsesStudyTest;sts.StudyConditionUsesStudyTest;StudyTestId;core;Division;core.Division;Id;PRIMARY KEY
sts;StudyConditionUsesStudyTest;sts.StudyConditionUsesStudyTest;StudyVisitTimePointId;sts;ReportingMedium;sts.ReportingMedium;Id;PRIMARY KEY
sts;StudyConditionUsesStudyTest;sts.StudyConditionUsesStudyTest;UnitId;mtc;Grade;mtc.Grade;Id;PRIMARY KEY
sts;StudyContact;sts.StudyContact;DivisionId;mtc;ReferenceValueSystem;mtc.ReferenceValueSystem;Id;PRIMARY KEY
sts;StudyContact;sts.StudyContact;ReportingMediumId;sts;StudyContact;sts.StudyContact;Id;PRIMARY KEY
sts;StudyContactReferenceValueSystemGrade;sts.StudyContactReferenceValueSystemGrade;GradeId;sts;StudyVersion;sts.StudyVersion;Id;PRIMARY KEY
sts;StudyContactReferenceValueSystemGrade;sts.StudyContactReferenceValueSystemGrade;ReferenceValueSystemId;sts;ReportingType;sts.ReportingType;Id;PRIMARY KEY
sts;StudyContactReferenceValueSystemGrade;sts.StudyContactReferenceValueSystemGrade;StudyContactId;sts;StudyContact;sts.StudyContact;Id;PRIMARY KEY
sts;StudyContactReferenceValueSystemGrade;sts.StudyContactReferenceValueSystemGrade;StudyVersionId;sts;Study;sts.Study;Id;PRIMARY KEY
sts;StudyContactReportingType;sts.StudyContactReportingType;ReportingTypeId;sts;StudyCro;sts.StudyCro;Id;PRIMARY KEY
sts;StudyContactReportingType;sts.StudyContactReportingType;StudyContactId;core;Country;core.Country;Id;PRIMARY KEY
sts;StudyContact;sts.StudyContact;StudyId;sts;StudyDivision;sts.StudyDivision;Id;PRIMARY KEY
sts;StudyContact;sts.StudyContact;StudyCroId;core;Language;core.Language;Id;PRIMARY KEY
sts;StudyCountry;sts.StudyCountry;CountryId;sts;StudyCountry;sts.StudyCountry;Id;PRIMARY KEY
sts;StudyCountry;sts.StudyCountry;StudyDivisionId;sts;SponsorCro;sts.SponsorCro;Id;PRIMARY KEY
sts;StudyCountryLeafletLanguage;sts.StudyCountryLeafletLanguage;LanguageId;sts;Study;sts.Study;Id;PRIMARY KEY
sts;StudyCountryLeafletLanguage;sts.StudyCountryLeafletLanguage;StudyCountryId;sts;StudyCycle;sts.StudyCycle;Id;PRIMARY KEY
sts;StudyCro;sts.StudyCro;CroId;sts;SubStudy;sts.SubStudy;Id;PRIMARY KEY
sts;StudyCro;sts.StudyCro;StudyId;core;Division;core.Division;Id;PRIMARY KEY
sts;StudyCycle;sts.StudyCycle;MasterCycleId;sts;StudyCro;sts.StudyCro;Id;PRIMARY KEY
sts;StudyCycle;sts.StudyCycle;SubStudyId;sts;StudyVersion;sts.StudyVersion;Id;PRIMARY KEY
sts;StudyDivision;sts.StudyDivision;DivisionId;sts;Study;sts.Study;Id;PRIMARY KEY
sts;StudyDivision;sts.StudyDivision;StudyCroId;sts;StudyFunctionalUserRole;sts.StudyFunctionalUserRole;Id;PRIMARY KEY
sts;StudyDivision;sts.StudyDivision;StudyVersionId;mtc;Indication;mtc.Indication;Id;PRIMARY KEY
sts;StudyFunctionalUser;sts.StudyFunctionalUser;StudyId;sts;Study;sts.Study;Id;PRIMARY KEY
sts;StudyFunctionalUser;sts.StudyFunctionalUser;StudyFunctionalUserRoleId;sts;StudyCountry;sts.StudyCountry;Id;PRIMARY KEY
sts;StudyIndication;sts.StudyIndication;IndicationId;sts;StudyDivision;sts.StudyDivision;Id;PRIMARY KEY
sts;StudyIndication;sts.StudyIndication;StudyId;sts;StudyVisit;sts.StudyVisit;Id;PRIMARY KEY
sts;StudyKit;sts.StudyKit;StudyCountryId;mtc;MasterItem;mtc.MasterItem;Id;PRIMARY KEY
sts;StudyKit;sts.StudyKit;StudyDivisionId;sts;StudyKit;sts.StudyKit;Id;PRIMARY KEY
sts;StudyKit;sts.StudyKit;StudyVisitId;sts;StudySample;sts.StudySample;Id;PRIMARY KEY
sts;StudyKitBOM;sts.StudyKitBOM;MasterItemId;sts;Study;sts.Study;Id;PRIMARY KEY
sts;StudyKitBOM;sts.StudyKitBOM;StudyKitId;mtc;BatchFrequency;mtc.BatchFrequency;Id;PRIMARY KEY
sts;StudyKitBOM;sts.StudyKitBOM;StudySampleId;mtc;LabTest;mtc.LabTest;Id;PRIMARY KEY
sts;StudyLabSpecsVersion;sts.StudyLabSpecsVersion;StudyId;mtc;Matrix;mtc.Matrix;Id;PRIMARY KEY
sts;StudyLabTest;sts.StudyLabTest;Id;sts;SponsorLocalLab;sts.SponsorLocalLab;Id;PRIMARY KEY
sts;StudyLabTest;sts.StudyLabTest;AnalysisBatchFrequencyId;sts;StudyDivision;sts.StudyDivision;Id;PRIMARY KEY
sts;StudyLabTest;sts.StudyLabTest;LabTestId;sts;StudyTest;sts.StudyTest;Id;PRIMARY KEY
sts;StudyLabTest;sts.StudyLabTest;MatrixId;sts;Study;sts.Study;Id;PRIMARY KEY
sts;StudyLabTest;sts.StudyLabTest;SponsorLocalLabId;mtc;ReferenceValueSystem;mtc.ReferenceValueSystem;Id;PRIMARY KEY
sts;StudyLabTest;sts.StudyLabTest;StudyDivisionId;sts;Study;sts.Study;Id;PRIMARY KEY
sts;StudyLabTest;sts.StudyLabTest;StudyTestId;sts;ReqFormLayout;sts.ReqFormLayout;Id;PRIMARY KEY
sts;StudyProtocolVersion;sts.StudyProtocolVersion;StudyId;sts;StudyDivision;sts.StudyDivision;Id;PRIMARY KEY
sts;StudyReferenceValueSystem;sts.StudyReferenceValueSystem;ReferenceValueSystemId;sts;StudyReqForm;sts.StudyReqForm;Id;PRIMARY KEY
sts;StudyReferenceValueSystem;sts.StudyReferenceValueSystem;StudyId;sts;StudyReqFormColor;sts.StudyReqFormColor;Id;PRIMARY KEY
sts;StudyReqForm;sts.StudyReqForm;ReqFormLayoutId;sts;StudyVisit;sts.StudyVisit;Id;PRIMARY KEY
sts;StudyReqForm;sts.StudyReqForm;StudyDivisionId;sts;StudyReqForm;sts.StudyReqForm;Id;PRIMARY KEY
sts;StudyReqForm;sts.StudyReqForm;MasterStudyReqFormId;sts;StudyReqForm;sts.StudyReqForm;Id;PRIMARY KEY
sts;StudyReqForm;sts.StudyReqForm;StudyReqFormColorId;sts;StudyReqForm;sts.StudyReqForm;Id;PRIMARY KEY
sts;StudyReqForm;sts.StudyReqForm;StudyVisitId;sts;StudySample;sts.StudySample;Id;PRIMARY KEY
sts;StudyReqformLayoutComment;sts.StudyReqformLayoutComment;StudyReqformId;sts;StudyReqForm;sts.StudyReqForm;Id;PRIMARY KEY
sts;StudyReqformProblemCodeAnswer;sts.StudyReqformProblemCodeAnswer;StudyReqFormId;sts;StudySample;sts.StudySample;Id;PRIMARY KEY
sts;StudyReqFormSampleTransformationMapping;sts.StudyReqFormSampleTransformationMapping;SourceStudyReqFormId;mtc;SampleShippingMethod;mtc.SampleShippingMethod;Id;PRIMARY KEY
sts;StudyReqFormSampleTransformationMapping;sts.StudyReqFormSampleTransformationMapping;SourceStudySampleId;mtc;SSDE;mtc.SSDE;Id;PRIMARY KEY
sts;StudyReqFormSampleTransformationMapping;sts.StudyReqFormSampleTransformationMapping;TargetStudyReqFormId;sts;StudyReqForm;sts.StudyReqForm;Id;PRIMARY KEY
sts;StudyReqFormSampleTransformationMapping;sts.StudyReqFormSampleTransformationMapping;TargetStudySampleId;sts;StudyVisitSSDE;sts.StudyVisitSSDE;Id;PRIMARY KEY
sts;StudyReqFormSSDE;sts.StudyReqFormSSDE;SampleShippingMethodId;mtc;MasterItem;mtc.MasterItem;Id;PRIMARY KEY
sts;StudyReqFormSSDE;sts.StudyReqFormSSDE;SsdeId;mtc;Matrix;mtc.Matrix;Id;PRIMARY KEY
sts;StudyReqFormSSDE;sts.StudyReqFormSSDE;StudyReqFormId;sts;StudySample;sts.StudySample;Id;PRIMARY KEY
sts;StudyReqFormSSDE;sts.StudyReqFormSSDE;StudyVisitSsdeId;sts;StudySample;sts.StudySample;Id;PRIMARY KEY
sts;StudySample;sts.StudySample;ContainerMasterItemId;mtc;Specimen;mtc.Specimen;Id;PRIMARY KEY
sts;StudySample;sts.StudySample;MatrixId;sts;StudyDivision;sts.StudyDivision;Id;PRIMARY KEY
sts;StudySample;sts.StudySample;MstBaseStudySampleId;sts;StudyKit;sts.StudyKit;Id;PRIMARY KEY
sts;StudySample;sts.StudySample;SourceStudySampleId;sts;StudyReqForm;sts.StudyReqForm;Id;PRIMARY KEY
sts;StudySample;sts.StudySample;SpecimenId;sts;StudyVisitTimePoint;sts.StudyVisitTimePoint;Id;PRIMARY KEY
sts;StudySample;sts.StudySample;StudyDivisionId;mtc;SSDE;mtc.SSDE;Id;PRIMARY KEY
sts;StudySample;sts.StudySample;StudyKitId;sts;StudySample;sts.StudySample;Id;PRIMARY KEY
sts;StudySample;sts.StudySample;StudyReqFormId;sts;StudyVisitSSDE;sts.StudyVisitSSDE;Id;PRIMARY KEY
sts;StudySample;sts.StudySample;StudyVisitTimePointId;mtc;BatchFrequency;mtc.BatchFrequency;Id;PRIMARY KEY
sts;StudySampleSSDE;sts.StudySampleSSDE;SsdeId;sts;ShippingBatchFrequency;sts.ShippingBatchFrequency;Id;PRIMARY KEY
sts;StudySampleSSDE;sts.StudySampleSSDE;StudySampleId;core;Division;core.Division;Id;PRIMARY KEY
sts;StudySampleSSDE;sts.StudySampleSSDE;StudyVisitSsdeId;mtc;Temperature;mtc.Temperature;Id;PRIMARY KEY
sts;StudySampleWorkflowOperation;sts.StudySampleWorkflowOperation;AnalysisBatchFrequencyId;mtc;InstrumentChain;mtc.InstrumentChain;Id;PRIMARY KEY
sts;StudySampleWorkflowOperation;sts.StudySampleWorkflowOperation;ShippingBatchFrequencyId;mtc;Laboratory;mtc.Laboratory;Id;PRIMARY KEY
sts;StudySampleWorkflowOperation;sts.StudySampleWorkflowOperation;DivisionId;mtc;Temperature;mtc.Temperature;Id;PRIMARY KEY
sts;StudySampleWorkflowOperation;sts.StudySampleWorkflowOperation;DivisionStorageTemperatureId;mtc;PreAnalyticalHandlingType;mtc.PreAnalyticalHandlingType;Id;PRIMARY KEY
sts;StudySampleWorkflowOperation;sts.StudySampleWorkflowOperation;InstrumentChainId;sts;SampleOperation;sts.SampleOperation;Id;PRIMARY KEY
sts;StudySampleWorkflowOperation;sts.StudySampleWorkflowOperation;LaboratoryId;mtc;SampleShippingMethod;mtc.SampleShippingMethod;Id;PRIMARY KEY
sts;StudySampleWorkflowOperation;sts.StudySampleWorkflowOperation;LocalStorageTemperatureId;sts;SponsorLocalLab;sts.SponsorLocalLab;Id;PRIMARY KEY
sts;StudySampleWorkflowOperation;sts.StudySampleWorkflowOperation;PreanalyticalHandlingTypeId;sts;StudySample;sts.StudySample;Id;PRIMARY KEY
sts;StudySampleWorkflowOperation;sts.StudySampleWorkflowOperation;SampleOperationId;sts;StudySiteGroupType;sts.StudySiteGroupType;Id;PRIMARY KEY
sts;StudySampleWorkflowOperation;sts.StudySampleWorkflowOperation;SampleShippingMethodId;sts;StudyVersion;sts.StudyVersion;Id;PRIMARY KEY
sts;StudySampleWorkflowOperation;sts.StudySampleWorkflowOperation;SponsorLocalLabId;sts;StudyCountry;sts.StudyCountry;Id;PRIMARY KEY
sts;StudySampleWorkflowOperation;sts.StudySampleWorkflowOperation;StudySampleId;sts;StudyDivision;sts.StudyDivision;Id;PRIMARY KEY
sts;StudySiteGroup;sts.StudySiteGroup;StudySiteGroupTypeId;stp;Site;stp.Site;Id;PRIMARY KEY
sts;StudySiteGroup;sts.StudySiteGroup;StudyVersionId;sts;StudySiteGroup;sts.StudySiteGroup;Id;PRIMARY KEY
sts;StudySiteGroupDetail;sts.StudySiteGroupDetail;StudyCountryId;mtc;SSDE;mtc.SSDE;Id;PRIMARY KEY
sts;StudySiteGroupDetail;sts.StudySiteGroupDetail;StudyDivisionId;sts;Study;sts.Study;Id;PRIMARY KEY
sts;StudySiteGroupDetail;sts.StudySiteGroupDetail;StudySiteId;sts;StudyVersion;sts.StudyVersion;Id;PRIMARY KEY
sts;StudySiteGroupDetail;sts.StudySiteGroupDetail;StudySiteGroupId;mtc;BarcTest;mtc.BarcTest;Id;PRIMARY KEY
sts;StudySSDE;sts.StudySSDE;SsdeId;mtc;BlindingType;mtc.BlindingType;Id;PRIMARY KEY
sts;StudySSDE;sts.StudySSDE;StudyId;sts;ChapterType;sts.ChapterType;Id;PRIMARY KEY
sts;StudySubjectGroup;sts.StudySubjectGroup;StudyVersionId;sts;StudyTest;sts.StudyTest;Id;PRIMARY KEY
sts;StudyTest;sts.StudyTest;BarcTestId;sts;StudyTest;sts.StudyTest;Id;PRIMARY KEY
sts;StudyTest;sts.StudyTest;BlindingTypeId;mtc;Matrix;mtc.Matrix;Id;PRIMARY KEY
sts;StudyTest;sts.StudyTest;ChapterTypeId;mtc;PreAnalyticalHandlingType;mtc.PreAnalyticalHandlingType;Id;PRIMARY KEY
sts;StudyTest;sts.StudyTest;ComposedStudyTestId;mtc;SampleShippingMethod;mtc.SampleShippingMethod;Id;PRIMARY KEY
sts;StudyTest;sts.StudyTest;LeadingStudyTestId;sts;ShippingBatchFrequency;sts.ShippingBatchFrequency;Id;PRIMARY KEY
sts;StudyTest;sts.StudyTest;MatrixId;sts;StudyTest;sts.StudyTest;Id;PRIMARY KEY
sts;StudyTest;sts.StudyTest;PreAnalyticalHandlingId;sts;StudyTestGroup;sts.StudyTestGroup;Id;PRIMARY KEY
sts;StudyTest;sts.StudyTest;SampleShippingMethodId;sts;StudyVersion;sts.StudyVersion;Id;PRIMARY KEY
sts;StudyTest;sts.StudyTest;ShippingBatchFrequencyId;mtc;Temperature;mtc.Temperature;Id;PRIMARY KEY
sts;StudyTest;sts.StudyTest;Id;mtc;Temperature;mtc.Temperature;Id;PRIMARY KEY
sts;StudyTest;sts.StudyTest;StudyTestGroupId;sts;TestExecutionType;sts.TestExecutionType;Id;PRIMARY KEY
sts;StudyTest;sts.StudyTest;StudyVersionId;mtc;TestSpecimen;mtc.TestSpecimen;Id;PRIMARY KEY
sts;StudyTest;sts.StudyTest;DivisionStorageTemperatureId;sts;StudyTestChapter;sts.StudyTestChapter;Id;PRIMARY KEY
sts;StudyTest;sts.StudyTest;LocalStorageTemperatureId;sts;ChapterType;sts.ChapterType;Id;PRIMARY KEY
sts;StudyTest;sts.StudyTest;TestExecutionTypeId;sts;StudyVersion;sts.StudyVersion;Id;PRIMARY KEY
sts;StudyTest;sts.StudyTest;TestSpecimenId;sts;StudyTestCategory;sts.StudyTestCategory;Id;PRIMARY KEY
sts;StudyTestCategory;sts.StudyTestCategory;StudyTestChapterId;mtc;QuantitativeUnitType;mtc.QuantitativeUnitType;Id;PRIMARY KEY
sts;StudyTestChapter;sts.StudyTestChapter;ChapterTypeId;sts;StudyTest;sts.StudyTest;Id;PRIMARY KEY
sts;StudyTestChapter;sts.StudyTestChapter;StudyVersionId;mtc;TestSpecimenUnit;mtc.TestSpecimenUnit;Id;PRIMARY KEY
sts;StudyTestGroup;sts.StudyTestGroup;StudyTestCategoryId;sts;StudyTest;sts.StudyTest;Id;PRIMARY KEY
sts;StudyTestReportingUnit;sts.StudyTestReportingUnit;QuantitativeUnitTypeId;mtc;TestReferenceValueSystem;mtc.TestReferenceValueSystem;Id;PRIMARY KEY
sts;StudyTestReportingUnit;sts.StudyTestReportingUnit;StudyTestId;sts;Study;sts.Study;Id;PRIMARY KEY
sts;StudyTestReportingUnit;sts.StudyTestReportingUnit;TestSpecimenUnitId;sts;StudyUserRole;sts.StudyUserRole;Id;PRIMARY KEY
sts;StudyTestTestReferenceValueSystem;sts.StudyTestTestReferenceValueSystem;StudyTestId;core;Language;core.Language;Id;PRIMARY KEY
sts;StudyTestTestReferenceValueSystem;sts.StudyTestTestReferenceValueSystem;TestReferenceValueSystemId;sts;SponsorCro;sts.SponsorCro;Id;PRIMARY KEY
sts;StudyUser;sts.StudyUser;StudyId;sts;Study;sts.Study;Id;PRIMARY KEY
sts;StudyUser;sts.StudyUser;StudyUserRoleId;sts;StudyLabSpecsVersion;sts.StudyLabSpecsVersion;Id;PRIMARY KEY
sts;StudyVersion;sts.StudyVersion;DefaultLeafletLanguageId;sts;StudyProtocolVersion;sts.StudyProtocolVersion;Id;PRIMARY KEY
sts;StudyVersion;sts.StudyVersion;SponsorId;sts;StudyStatus;sts.StudyStatus;Id;PRIMARY KEY
sts;StudyVersion;sts.StudyVersion;StudyId;sts;StudyVersion;sts.StudyVersion;Id;PRIMARY KEY
sts;StudyVersion;sts.StudyVersion;StudyLabSpecsVersionId;sts;StudyVersion;sts.StudyVersion;Id;PRIMARY KEY
sts;StudyVersion;sts.StudyVersion;StudyProtocolVersionId;sts;VersionReason;sts.VersionReason;Id;PRIMARY KEY
sts;StudyVersion;sts.StudyVersion;StudyStatusId;sts;StudyCycle;sts.StudyCycle;Id;PRIMARY KEY
sts;StudyVersion;sts.StudyVersion;CopiedFromStudyVersionId;sts;StudyVersion;sts.StudyVersion;Id;PRIMARY KEY
sts;StudyVersionReason;sts.StudyVersionReason;StudyVersionId;sts;StudyVisit;sts.StudyVisit;Id;PRIMARY KEY
sts;StudyVersionReason;sts.StudyVersionReason;VersionReasonId;sts;StudyVisit;sts.StudyVisit;Id;PRIMARY KEY
sts;StudyVisit;sts.StudyVisit;StudyCycleId;sts;SubStudy;sts.SubStudy;Id;PRIMARY KEY
sts;StudyVisitTimePoint;sts.StudyVisitTimePoint;StudyVersionId;sts;VisitType;sts.VisitType;Id;PRIMARY KEY
sts;StudyVisit;sts.StudyVisit;MasterVisitId;mtc;MasterItem;mtc.MasterItem;Id;PRIMARY KEY
sts;StudyVisit;sts.StudyVisit;OffsetBaseVisitId;sts;StudyCountry;sts.StudyCountry;Id;PRIMARY KEY
sts;StudyVisit;sts.StudyVisit;SubStudyId;sts;StudyVisit;sts.StudyVisit;Id;PRIMARY KEY
sts;StudyVisit;sts.StudyVisit;VisitTypeId;sts;StudyCycle;sts.StudyCycle;Id;PRIMARY KEY
sts;StudyVisitBulkItem;sts.StudyVisitBulkItem;MasterItemId;sts;StudyVisit;sts.StudyVisit;Id;PRIMARY KEY
sts;StudyVisitBulkItem;sts.StudyVisitBulkItem;StudyCountryId;sts;SubStudy;sts.SubStudy;Id;PRIMARY KEY
sts;StudyVisitBulkItem;sts.StudyVisitBulkItem;StudyVisitId;mtc;SSDECollectionType;mtc.SSDECollectionType;Id;PRIMARY KEY
sts;StudyVisitSequence;sts.StudyVisitSequence;StudyCycleId;sts;StudyVisit;sts.StudyVisit;Id;PRIMARY KEY
sts;StudyVisitSequence;sts.StudyVisitSequence;StudyVisitId;sts;SubStudySSDE;sts.SubStudySSDE;Id;PRIMARY KEY
sts;StudyVisitSequence;sts.StudyVisitSequence;SubStudyId;sts;StudyVisit;sts.StudyVisit;Id;PRIMARY KEY
sts;StudyVisitSSDE;sts.StudyVisitSSDE;SsdeCollectionTypeId;sts;VisitTimePointType;sts.VisitTimePointType;Id;PRIMARY KEY
sts;StudyVisitSSDE;sts.StudyVisitSSDE;StudyVisitId;mtc;BatchFrequency;mtc.BatchFrequency;Id;PRIMARY KEY
sts;StudyVisitSSDE;sts.StudyVisitSSDE;SubStudySsdeId;sts;StudySampleWorkflowOperation;sts.StudySampleWorkflowOperation;Id;PRIMARY KEY
sts;StudyVisitTimePoint;sts.StudyVisitTimePoint;StudyVisitId;sts;StudySampleWorkflowOperation;sts.StudySampleWorkflowOperation;Id;PRIMARY KEY
sts;StudyVisitTimePoint;sts.StudyVisitTimePoint;VisitTimePointTypeId;mtc;BlindingType;mtc.BlindingType;Id;PRIMARY KEY
sts;StudyVisitTimePointLabTest;sts.StudyVisitTimePointLabTest;AnalysisBatchFrequencyId;sts;ClinicalReport;sts.ClinicalReport;Id;PRIMARY KEY
sts;StudyVisitTimePointLabTest;sts.StudyVisitTimePointLabTest;DuplicateStudySampleWorkflowOperationId;mtc;Temperature;mtc.Temperature;Id;PRIMARY KEY
sts;StudyVisitTimePointLabTest;sts.StudyVisitTimePointLabTest;StudyLabTestId;mtc;Temperature;mtc.Temperature;Id;PRIMARY KEY
sts;StudyVisitTimePointLabTest;sts.StudyVisitTimePointLabTest;StudySampleWorkflowOperationId;mtc;SampleShippingMethod;mtc.SampleShippingMethod;Id;PRIMARY KEY
sts;StudyVisitTimePointLabTest;sts.StudyVisitTimePointLabTest;StudyVisitTimePointTestId;sts;ShippingBatchFrequency;sts.ShippingBatchFrequency;Id;PRIMARY KEY
sts;StudyVisitTimePointTest;sts.StudyVisitTimePointTest;BlindingTypeId;sts;StudyTest;sts.StudyTest;Id;PRIMARY KEY
sts;StudyVisitTimePointTest;sts.StudyVisitTimePointTest;ClinicalReportId;sts;StudyVisitTimePoint;sts.StudyVisitTimePoint;Id;PRIMARY KEY
sts;StudyVisitTimePointTest;sts.StudyVisitTimePointTest;DivisionStorageTemperatureId;sts;TestExecutionType;sts.TestExecutionType;Id;PRIMARY KEY
sts;StudyVisitTimePointTest;sts.StudyVisitTimePointTest;FollowsStudyVisitTimePointTestId;sts;StudySiteGroup;sts.StudySiteGroup;Id;PRIMARY KEY
sts;StudyVisitTimePointTest;sts.StudyVisitTimePointTest;LocalStorageTemperatureId;sts;StudySubjectGroup;sts.StudySubjectGroup;Id;PRIMARY KEY
sts;StudyVisitTimePointTest;sts.StudyVisitTimePointTest;SampleShippingMethodId;mtc;SSDE;mtc.SSDE;Id;PRIMARY KEY
sts;StudyVisitTimePointTest;sts.StudyVisitTimePointTest;ShippingBatchFrequencyId;mtc;SSDEStorageLevel;mtc.SSDEStorageLevel;Id;PRIMARY KEY
sts;StudyVisitTimePointTest;sts.StudyVisitTimePointTest;StudyTestId;sts;SubStudy;sts.SubStudy;Id;PRIMARY KEY
sts;StudyVisitTimePointTest;sts.StudyVisitTimePointTest;StudyVisitTimePointId;sts;SampleOperation;sts.SampleOperation;Id;PRIMARY KEY
sts;StudyVisitTimePointTest;sts.StudyVisitTimePointTest;TestExecutionTypeId;sts;TemplateSampleWorkflow;sts.TemplateSampleWorkflow;Id;PRIMARY KEY
